# Resource object code (Python 3)
# Created by: object code
# Created by: The Resource Compiler for Qt version 5.15.8
# WARNING! All changes made in this file will be lost!

from PyQt6 import QtCore

qt_resource_data = b"\
\x00\x00\x1e\x9c\
\x89\
PNG\x0d\x0a\x1a\x0a\x00\x00\x00\x0dIHDR\x00\
\x00\x02\x00\x00\x00\x02\x00\x08\x03\x00\x00\x00\xc3\xa6$\xc8\
\x00\x00\x00\x09pHYs\x00\x00\x0e\xc4\x00\x00\x0e\xc4\
\x01\x95+\x0e\x1b\x00\x00\x03\x00PLTEGpL\
\x08(2\x07'0\x09\x1c%\x07)1\x0f  \x05\
&0\x07'0\x05$*\x07'2\x09(2\x07'\
0\x00\x1b,\x04$*\x00 !\x04%.\x08'1\
\x09(1\x07\x1d%\x00\x1f\x22\x00\x16 \x05&/\x06\
'0\x09(1\x08(1\x08(1\x05$,\x06&\
/\x00\x1d)\x05%.\x09'0\x02\x1a\x1c\x07(0\
\x08'1\x07'0\x07'0\x07(0\x06'0\x0d\
\x1c%\x08'1\x06%0\x05&/\x05#.\x07(\
0\x06'.\x07(1\x04&.\x07'0\x05!+\
\x00&+\x05%/\x06(0\x06&0\x08'1\x06\
%0\x07&0\x08&/\x08(0\x05$,\x04\x22\
/\x07'0\x07'0\x06'1\x05'0\x07'2\
\x07&1\x07'1\x08(1\x07'0\x05&-\x06\
'0\x06&/\x07&0\x07+1\x0a\xa6\xfd.\xbb\
\xf4\x0a)2)\xa6\xcc\xdc\xf1\xfd\x0a+4.\xbc\xf5\
\x09$+\x09)10\xbf\xf9\x09$,\x1dz\x9e$\
\x94\xc0/\xc0\xfb\x0a(0)\xa5\xcb0\xbf\xfa\x0d6\
D.\xbb\xf5.\xbc\xf6,\xb4\xeb\x09\x22))\xa5\xca\
\x09(1)\xa6\xcb)\xa9\xd1\x1ah\x87*\xba\xf4)\
\xa7\xcc\xdd\xf2\xfd)\xb9\xf4\x08%-*\xa9\xd0\xe0\xf3\
\xfd\xbd\xe7\xfb\x0a)4X\xc6\xf6)\xa7\xcd\x08'/\
.\xb8\xf0,\xbb\xf4\xe1\xf4\xfd)\xa8\xce+\xa9\xcf*\
\xaa\xd1*\xaa\xd2\x08'-)\xa6\xcd+\xae\xdc.\xb7\
\xee/\xba\xf3'\xb9\xf4-\xba\xf2)\xa8\xcd\x0a+5\
.\xbe\xf7\x0b/:\x13Sh,\xb2\xe4*\xab\xd7-\
\xb9\xf1(\xa0\xc6)\xa9\xcf)\xa8\xd0.\xb6\xeb+\xb3\
\xe5\x08%,\x1br\x8e\x22\x89\xaa'\x9e\xc2,\xb5\xe9\
\x1dx\x970\xbe\xf8%\x99\xbe,\xb1\xe2*\xab\xd6*\
\xab\xd5(\xa3\xc9\x0e=L+\xb0\xdf)\xa8\xd1\x19k\
\x85\x0c4@$\x95\xba+\xb1\xe1\x08%/\x0fBS\
\x0d9F\x16[r\x18d}*\xac\xd9-\xba\xf4\xdd\
\xf1\xfd\x1f\x80\xa0\x1cv\x93+\xa9\xd0\x0d6E\x0e?\
O+\xa9\xd2,\xb4\xe7\x16]u\x10FX\x0b1>\
#\x90\xb3\x1an\x89\x18h\x83\x15Xp\x09!'\x22\
\x8f\xb1'\x9f\xc5\x0fDU$\x94\xb7\x17b{\x11K\
]\x11L`\x11I[\x0b-7\x1f\x83\xa1,\xad\xda\
\x22\x8d\xae4\xbd\xf4,\xb0\xe6 \x85\xa6(\xa4\xcb&\
\x9c\xc0,\xb6\xea,\xb4\xea)\xa6\xd9\x17`x\xd2\xee\
\xfc+\xaf\xde\xab\xe0\xfa/\xc0\xfa%\xb9\xf4*\xac\xe0\
\x12Nb'\xa1\xd2\x13Pe\x0d5B\x14Wl\x0e\
:I\x18e\x839\xbe\xf5&\x9c\xcc\xe0\xf2\xfd>\xbf\
\xf5d\xc9\xf6*\xa5\xccO\xc3\xf6E\xc1\xf5\x85\xd3\xf8\
\x22\x8e\xba!\x87\xaf\x1e|\x9a\x1f\x84\xa9q\xcd\xf7\x1b\
r\x92\x8d\xd6\xf8\xb9\xe5\xfb!\x8b\xb5\x9e\xdc\xf9%\x98\
\xc5\x22\x91\xbd\xd6\xf0\xfd\xc4\xe9\xfb\x1d|\xa1V\xc5\xf6\
\x19k\x88\xa4\xde\xfa\xd9\xf1\xfd\xcd\xec\xfc\x1bn\x8f\x95\
\xd9\xf9\xb3\xe3\xfay\xd0\xf7\x18h\x87[\xc7\xf6\xc0\xe7\
\xfbk\xcb\xf61\xc1\xfc\x1f\x81\xa7\x0a%,y\x0f\xf5\
7\x00\x00\x00JtRNS\x00\xf6\xe0\x0d\xef\x10_\
\xaf+\xf1\xfc\x9e\x1c&\x07N\xe9\xfa\x14\x05\x03l\x8d\
\xe7\xc6\xec@}\x192\xb9\x09\xda\xd1\xac\x86\xd5\xa4\x12\
\xcaIT6\xf4Z\xd7:\xc0- g\xbcp\xe4D\
]c\xa8#0\x95\xb6\x98w\xf0\x89\xb2\xce\x90>z\
\x82t\xef\x0f\x95\xaa\x8b\x00\x00\x1a\xecIDATx\
\xda\xec\xdcil\x13g\x1e\x80\xf1\x12\xae\x963\xe1X\
\x02K\x0blB9B9\xbaPn\xca\xb5\xecJ\xe3\
d\xe28P\xd7\x9b\xc1\x186$\xc6d\x05\x09\x12H\
\xc6\xc8\x80Ti\xab\xa8*\xfe\xb0j\x05j\xbbG\xa2\
\x15Y\x01Z%\xea\x8a\xd2T\x22_\x12PB\xc8r\
$\x04q\x89\xfb.\x85BK\xdb]\x87v\x0f\xcf\x8c\
\xe3&\x9e\x19\xbf\xd1>\xcfg+\xd4\xf3\xff\xf9\x9dw\
f\x5c?\xf7\x1c\x11\x11\x11\x11\x11\x11\x11\x11\x11\x11\x11\
\x11\x11\x11\x11\x11\x11\x11\x11\x11\x11\x910\xf5\x9c\xf3\xe2\
/\xc6O\x984\xb3\x97\x99\xcd\x9c4\xe1\xb5\xc9S\xfb\
\x0d\xe0p\x0bU\xbf\x11\xd3\xfb\xa6\xbe\x92\x9cb\x93\xad\
\xc8\x96\x914f~\xda\x84\xa9(\x10\xa2Q\x93\x97\xfd\
|\xc6\xb3\xc9\x17\xd9\xac\xaa\xa8\xed\x9f\xcb\x18\xb3`\xe0\
H\x8e\x7f\x82\x9b\xb8hL\x9f\xa0\x85\xa3\xff\xdf\xc2\x08\
\x92\xc6\x0e\xec\xce\x10\x12w\xd6\x9f9\xa5[P\xb6%\
\xb0\xf0\xf9 }\xd94&\x91\x90\x06M\x7fEN\xe8\
\xf4\xffm`\xd8O\xe60\x0d\xebO\xfd\xaf\x8e\x16a\
\xfc\xdf\xef\x08\x92\xd3\xd8\x0cX\xdck\xa9\xa2\x8c\xff\xfb\
e i\xd6`\x86b\xe1\xea?/E\xa4\xf1?;\
\x11,\x9e\xcb\x5c,\xfb\xf8\x8f\x11l\xfc\xcf\x08\x0c\x1f\
:\x84\xd1X\xd1\xe0_u\x13p\xfem[\x81\xb1\x83\
\x98\x8e\x05\xd7~c\x85\x1c\x7f[\xc1q/2\x1f\xd3\
\xef\xfaN\x09\xda\x84M\x1e6\x9e\x09\x99[\xff%\x02\
\xcf?, \xa3\x1732u\xfe\xe9\xb2M\xe8\xe4\x94\
W\x99\x92yMkw\xfb\xefq\xe6\xba-\xc8^\xea\
\xccig+\x88\x00\x13/\xffS\xa3\xce\xdf\x93k\xcf\
\xad\xae8^y\xf0\xf4oL\xed\xab\xd3GN\x1ez\
\xcffw{\xa3\x22H\x99\xc9\xa4\xcci\xc0\xcf\xa2\xcd\
\xbf\xd4]}\xfc\xd1\xc5\xba\x1a\x7f\xc8e~\x8a\xbf\xb1\
\xe9\xd2\xe9\xfd6\xb77\xca\x1a\x90\xc1N\xd0\x9c\xd2\xf4\
\xe7\xef\xb1;?Y\xde\xe4w9BJ\xb6dE\x8a\
\x12vV\xdbr\xb5\x22\xb74\xca\xb5\x007\x05\xcdh\
B\x1f\xdd\xc3m/\xaa\x5c\xe1w\x85\x14\xc9\xda\x14\x87\
\xab\xe6\xd2q\xaf\xee* /\xe1\x8e\x90\x09\x1b\xc0\x19\
z_\xfbpzw\xde\x92\x5cVO\xff\x07\x03.\xff\
\x8d\xfdn\xa7\x9e\x80\xb1\xdc\x156\xba!\xbd\xf5n\x00\
\xd8O]\xda\xe8\xca\x96\x12\x95\xe2\xaa\xdd\xb5\xc3\xae'\
\x80K\x01\xa3\x9b\xa9\xb3\x01p\xe6\xeekL\xd0\xa7\xff\
\xbf\x04Z\x0e\xb9u\x04\x0c\x9f\xca\xc8\x0cmd\x92\xf6\
\x04\xb0!\xb8|kHJt\xae\xda\xd3\xa5\x1e\xed\x12\
\xf0\x12\xdf\x0f0\xb4E\xda\x05\xc0{\xe0F\x82?\xfe\
?,\x02y\xcbs\x9c\x9c\x04\xcc\xed\xf9\x1e\xda\xf9\x9f\
\xb8\xd5\x90'\x89\x90\xe2\xb8,k\x04\x14\xcd\xe8\xc7\xd8\
\x8ck\x81f\x01\xd8\xb2\xe7V\x83$H\xd9\xae\xcb6\
\xcdY \xb8\x94\xb1\x19V\xff\x85\x9a\xfd_\xf5m\x97\
$L\xd9\x8e{\xda[\xc3/\xb0\x0f4n\x07\xa0\xbe\
\x04\xcc\xf1~'\xd0\xfc\xdbn\x0e~\xa5\xb9\x16\x90\xfb\
28\x83\x1a\xa4\xb9\x07\xe4>\xaddKB\x09Xy\
\xdc\xce\x12`V\xbd\xd4;\x80\x7f\xee\xafQ$\xb1r\
4\x1dPo\x04\xe5y\x8c\xce\x98^R\x01\xf0\xc8+\
\x5c\x92h\xb9\xeei\x96\x80d.\x04\x8c\xd9\x02fh\
N\x00\xdb\xf3\x84\x03\xa0\xf8\x0f\xa9\x1f\x0e\xca\xd3\x19\x9e\
\x11\x0dU-\x00\xce=u1o\x00\xe6\x07\x02\xf9\x9a\
\x0a\x03e\xd1^\x1f\xd0{}\xb4\xf4\xff\x8e\xeb\xb6\xe6\
\x1c0\x8e\x9f\x100\xa2\xf9*\x00\xeeG\x8e\x18\xe3/\
\x0b\x9c\xbbP\xbf^\xdd\xf5\x07WZ\x03\xfa\xaf/\xd4\
{}\xb4\xae\xdf\xbc\xd2\xac\xf3w\xb2\xb7\x9dT\x9f\x04\
R&3=\x03\x1e\x03$G^\x038\x0f\xc4Z\x00\
\xf2\x0f_;Z\xe2\xd3\xeb\xee\x95\xc2b\x9d\xd77\x7f\
\x19\xe5\xf5Q:\xb3\xfel\xe0\xc7,\x01\xc14\xc6\x17\
\x7f\xe3\xd5;\x80?\xc5\xd8\x01\x945\xd7\x97\x14d\xe9\
\xe6\xcb\xba\xa0\x9d\x5cY\xeb\xe3h\xaf\x8f\x96\xef\xce\x93\
\x80\xce.\xe0S\xd5.@N\xe7\x1c\x10\x7f\xcbTw\
\x81\x9c\xb1.\x01\xcan\x96D\x9d\x5cA\xd6\x15\xcd\xe4\
\x8a\xebK\xb2:Z\xc1\x1d\x9d5\xc0\xb5\x5cs\x0e\x98\
\xc8\xfc\xe2\xaew\xe4\x16`\xcb\xdfk\xdb\xbf\x07\x108\
\x9bU\xde\xceg\xf7n\xb3\xea$\x10\xb8RP\xdea\
\x00Y%\xeb\x0fkN&\xa1\xba\x1d\x1e\xae\x03\x8cn\
\xc0\xe8H\x00\xee\xcfc-\x00\xf5\xbev\x06W~\xe6\
\xc9\xb1\xc8\xcf\xbf\xf4\xd8\xd7\xf1\xf9g\x95\x97\x7f\xa3Y\
\x02\x94\xb7\xfe\x91\xab\x02\xd0\x9b\x01\xc6\xdb\x1c\xd5\x93`\
\xe7\xc5\xf6\x01\x147?l\xf7\x84^\xf2\xa00\xd2\xcb\
\xf9\xa3\x05\x9d\x00\x90Ur\xed\x98\xf6\x1cp\xd5\xad\xfe\
\xe1\x08~C*\xdeFD~\x19\xd8s\xa0\xb1\xfd3\
@\xac\x81\xfa\xaeK\x11kw\xe0\xeb/\xca;\x05\xe0\
\xa6v\x13\xe0X\xa1~*\xdc\x8dM@\xbcM\x8a<\
\x03x?\xf1\xc7\x0b \xf2\xe4]x\xb6s\x00|7\
\xf3\xb5\xd7\x01\x8d\x07\xd4\x9b\x80IL0\xce\xa6G^\
\x04\xb8\x0f\xc6x\x0eX\xd6\x1a\x03@}q\x04\x80\xfc\
sw:\xb7\x02|\xa9s!\xb8r\xbf\xea\x7f\x14\x08\
\xfe\x92\x09\xc6YZ$\x80\xaa\xab\xdf\xb6\xbf\x07,\x96\
\xae\x9fi\x17\x80\xea\xdc]|\xf8\xe9\x99N\xad\x00O\
\xb4{\x80l\xa9Ru!(\xcff\x82q\xa6\xfa6\
X\xeew\xb1\xbe\x09v\xecB\xbbW\x01G\xcf\xa9\x96\
\xeec\xd7J:1\xff\x82\x87\xe7u\x1e\x088NW\
\xa9\x00\xa42\xc18S\xfd\x22\x8c\xf3F\xac'\xc1\xc5\
\xcdO}\x1dY\xb9\xcbZ\xefv\xe2:\xb0\xe4\x82\xde\
c\x85o\x1f\xa9\x01$q/0\xcefG\x02\xf0\xdc\
\x8e\xf5$H*\xfc\xfaa\xb4\x89\x96\xfb\x1e7\x17k\
\xef\x1c\x1d\xed\xa8\x80\xf2\x92\x07\x87u\x1e*Ho\xec\
R]\x07\x16%\xf3\x13\x92\xc6\xde\x08\xccY\x11\x13@\
\xf8\xca\xeei\x89O\xbb\x13,/\xf0\x15<h\xcd\xd7\
\xbbwx\xd7\xe7\xfb\xf17\x03\xc2\x7f'\xeb\xe6\xe1|\
\xbd\x7f\xf9\x0d\xcd\xcd\xe0\x85\xfd\x19\xa1\xe5\x00\xa4\xc2\xd6\
\x0b\xd7\x8f\x96\x17\xa8\xfa\xe2a\xfd7\xc5\xba\xdf\x08\x08\
\xb4^[\xaf}}\xb4\xc2\x7f\xe7l\x99\xfe7\x0b\xb4\
\x00^x\x9e\x11Z\x0f@*;v\xf8\xdc\xfd\xdf\xaa\
\xba\x7f\xbe,P\xdc\x81\xd7G\xeb\xfe\xf9\xfch\x7f\x07\
\x00\x82\x00\x08o\x05\xf3\x0b5\xe5\x17w\xec\xf5Q\x8a\
\xfe\xbd\x22\x00\x88\x03 1\x01\x00\x00\x00\x00\x00\x00\x00\
\x00\x00\x00\x00\x00\x00\x00\x00\x00\x00\x00@\x00 \x00\x10\
\x00\x08\x00\x04\x00\x02\x00\x01\x80\x00@\x00 \x00\x10\x00\
\x08\x00\x04\x00\x02\x00\x01\x80\x00@\x00 \x00\x10\x00\x08\
\x00\x04\x00\x00\x00\x00\x00\x00\x00\x00\x00\x00\x00\x00\x00\x00\
\x00\x00\x00\x00\x00\x00\x00\x00\x00\x00\x00\x00\x00\x00\x00\x00\
\x00\x00\x00\x00\x00\x00\x00\x00\x00\x00\x00\x00\x00\x00\x00\x00\
\x00\x00\x00\x00\x00\x00\x00\x00\x00\x00\x00\x00\x00\x00\x00\x00\
\x00\x00\x00\x00\x00\x00\x00\x00\x00\x00\x00\x00\x00\x00\x00\x00\
\x00\x00\x00\x00\x00\x00\x00\x00\x00\x00\x00\x00\x00\x00\x00\x00\
\x00\x00\x00\x00\x00\x00\x00\x00\x00\x00\x00\x00\x00\x00\x00\x00\
\x00\x00\x00\x00\x00\x00\x00\x00\x00\x00\x00\x00\x00\x00\x00\x00\
\x00\x00\x00\x00\x00\x00\x00\x00\x00\x00\x00\x00\x00\x00\x00\x00\
\x00\x00\x00\x00\x00\x00\x00\x00\x00\x00\x00\x00\x00\x00\x00\x00\
\x00\x00\x00\x00\x00\x00\x00\x00\x00\x00\x00\x00\x00\x00\x00\x00\
\x00\x00\x00\x00\x10\x00\x08\x00\x04\x00\x02\x00\x01\x80\x00@\
\x00 \x00\x10\x00\x08\x00\x04\x00\x02\x00\x01\x80\x00@\x00\
 \x00\x10\x00\x08\x00\x04\x00\x02\x00\x01\x00\x00\x00\x00\x00\
\x00\x00\x00\x00\x00\x00\x00\x00\x00\x00\x00\x00\x00\x00\x00\x00\
\x00\x00\x00\x00\x00\x00\x00\x00\x00\x00\x00\x00\x00\x00\x00\x00\
\x00\x00\x00\x00\x00\x00\x00\x00\x00\x00\x00\x00\x00\x00\x00\x00\
\x00\x00\x00\x00\x00\x00\x00\x00\x00\x00\x00\x00\x00\x00\x00\x00\
\x00\x00\x00\x00\x00\x00\x00\x00\x00\x00\x00\x00\x00\x00\x00\x00\
\x00\x00\x00\x00\x00\x00\x00\x00\x00\x00\x00\x00\x00\x00\x00\x00\
\x00\x00\x00\x00\x00\x00\x00\x00\x00\x00\x00\x00\x00\x00\x00\x00\
\x00\x00\x00\x00\x00\x00\x00\x00\x00\x00\x00\x00\x00\x00\x00\x00\
\x00\x00\x00\x00\x00\x00\x00\x00\x00\x00\x00\x00\x00\x00\x00\x00\
\x00\x00\x00\x00\x00\x00\x00\x00\x00\x00\x00\x00\x00\x00\x00\x00\
\x00\x00\x00\x00\x00\x00\x00\x00\x00\x00\x00\x00\x00\x04\x80\xff\
\xcf\x06\x8f\xea\xde3\xfe\x16wm\x00\x19\x13\xe3z\xf7\
\xdd\xbb\x8f\x1a\xd2\x05G\xdfs\xe2\xac\xb4\xbe/\x8d\x1b\
=cx\x8f\xb8K\x89\x9c\xbf\xedVH`\x00\x0d\xf7\
\xd4\x00l\x19\xf1\xbc\xf9\xe1\xc9I\xe9\xa9\xbd\xe7\xbd>\
p\xce\xa8.3\xfc\x01\x93\x7f:\x7fFJQP\x0e\
Wd3\xba\x1c\xb9Eh\x00\x97\xbd\x06\xbf\xe1\xa2\xf0\
a\x0c\xca\xb6\x8c\xf4\xbe\xb3\xa6u\x85\xf1\xcfM\x1b\x93\
\x22\xcb6\xd3\xf2T\xd7m\x17\x18\x80\xeb\xa2\xd3\xa47\
\x1e\xfe4-\x9c?k\x90\xe0\xe3\x1f\xbf8\xc3\xcc\xe9\
\x87\xdbPQ\xab\x08\x0c \xd4\x14\xcc1\xef\xcd\xcbr\
\xd2\xa29\x02\x8f\x7f\xf2\xfc>\xe6N?\x9c\xbdR\xca\
\x13\x18\x80R[\xb1\xc1\xcc\xb7_$'\xa7\x89\xba\x0a\
\xbc\xbc\xb4\x9b\xe9\xe3\x0f\x03\xb8\xd7 \x89\xdc\xf6\x83n\
s\x0f@\x91\x9c>A\xcc\x8f\xff\x12\x0b\xc6os\xee\
\x10z\x0b\xd0\xb6\x09\xd8b\xf61\x90m\x0b^\x16o\
\xfe\xb3zX1\x7f\x9b\xfb\x88\x22\xf4\xfc%e\xe5~\
\xaf\xe9GAN\xed/\xda\xfc\x97\xa5X1~\x9b\xb3\
\xba\xc5!6\x00\xc9u)\xd7\xfc\xe3 \x8f\x9e+\xd6\
\xfc_\xb7Y\x93\xfbjH\xf0\xf9K\xd9[+\xdd\x16\
\x08H\x9a*\xd2\xfc{\xa5X4\xff\x9d~Et\x00\
R\xa8\xae\xa2\xd4\x02\x01\xe9\xfd\xc4\x99\xffDk\xce\xff\
6\xf7\xa1F\xe1\x17\x80p\x8e\x96Sv\x0b\x04,\x1e\
 \xca\xfc\xbb\xa7Z2\x7f\xa7\xbb\xb2\xa6+\xcc?\xbc\
\x0dh\xda_\xe54_\xc0ta6\x00\x16\xcc?\xc7\
Y\xb5\xf7\xde\xc6\xae1\xff\xf0\x1aP\xf3h\x87\xdb\x99\
c2\x80\xe1\x82\x5c\x0a\x8c\x9c\x11\xf5\xbe\xbd\xc7iH\
^{\x95\xa7bW\xa3C\x91\xbaJJ\xa8\xe9\xf3?\
8\xab\xec\xde\xb8\xdf\xbb\xc7\x13]\xc0<1\x00\x0c\xd5\
]\x00\x9c\xb9U\xa5\xc1\x1d{N\xfc:\xee\xf6V\x1c\
:\xb2\xfcV\xad#$u\xa5B\xdbkn\xff\xe5\x8f\
\x9f\xbe\xb77\xae\xf7~b\xcf\x8e`iUn\x94\xf3\
I\xb2\x10\x8f\x07\x87L\xd1\x02\xf0\xd8\xbd{+w\xdd\
h\xa9k\xac\xa9]\x19w~\xbf\xe4\xeaB\x9f\xfe\xff\
\xac\x02.\xc7V\xbf?\xaew^[\xd3X\xd7rc\
W\xe5^\xaf]o!\x90g\x89\x00`j\x86\xf6~\
}\xf5\xbe\x8b5[]\x0d\x8e\x90\xa2(\xd9\x06\x94'\
u\xcd\xe2}\xdf\xe1\xc3\x17r4\xb8\xb6\xd6\x5c\xdcW\
\xadsa!\xcf\x17\xf1\x0c\xe0\xf4z\xf75e\xbb\x94\
l\x89\x8cr\xa4\xb8\xb2\x9b\xf6y\xbd\x9a3\xc10\x11\
\xee\x05\xa8\xbe\xb2\xb7\xe1\xd4\xeeK\xdb\x1cyL\xcd\xd8\
\xf2\x1ce\x97\xfevJ\xfd\xa4Y\x1e(\xc0C\xe0\xa4\
\x08\x00\x1e\xf9\xb3\xcd\xef*\x0c\xcc\x84e\xe0\x83\xcd\x9f\
\xc9\xaa\x9d\x80\xbcH\x80\xbb\x80\xdd\x22\xfe\x93rOn\
\xca\x5c\xb3\x8d\x05\xc0\xf8\xf9\xbf\xbfj\xed\xa6\x93\xaa\xe7\
L\xf2\x94\xc4\x03\x98\xa0\xfa\xd2\xf6;\xeb2W}\xc0\
\x12`\xf8\xfc\xdf^\xbb:s\xdd;9\xea\x87\x82=\
\x05\xbb\x0d\xf8\xe1G\x1f\xaf\xcd\x5c\xbd\xe9m\x04\x18}\
M\xf9\xfe\xaa\xcc\xcc\xb5\x1f\x7f\xf4a\xa4\x00\x01n\x06\
.\x8d\x00`\xdf\xb9&33\xf3\xcd\xdf\xf9\xb9\x060\
v\x01\xf0\xaf[\x1d>\xb0kv\xaa.\x06S&&\
\x1c@\xdfH\x00G6g\xb6\x09X\x83\x00C\xaf\x01\
\xde\xfa\xfd\x9bm\xc7u\xf3\x11\xf5\xdd\x80\x11\x09\x070\
;\x02\x80ww\xdb\x0a\x90\x99\xb9\xea\xaf\x1b\x11`\xdc\
\xfc\xb7\xfey\xd5\xb3\xc3\xbaf\xb7\xea\xebfE\xe3\x13\
\x0e`l\x04\x80\x7f\xb1wv\xbfM\x5ci\x18\x1f \
\xdd\xdd\xf2\x91\xb0\x81\xb6\x10\x96RJK)P\xb6@\
K\xa1\xdd-\xa0-P\x14\x8fl\x22_d\x84-\xf9\
C\xb2\x14KQ\x1c\xc9\x1f\xe4C$J\x028!\x90\
 HB\x81$\xa5D\x22\x81\x84\xaf\xa0\x00\x85. \
\xd1\x22\xadr\x83J\xf7\x8e\xabV{\xdf\xff`\x81\x12\
\x983\xe7\x9d\xcc\xd8\x1e{\xce9\xf3>\x97\x80\x84\xe5\
\xf3\xfa\x9c9\xf3{\xde\xf7\xe9\x1cO\xca\x7fT@\xef\
A\xbc\x0aXv\x00L\xfe\xb1\xferr\x5ck5\xd9\
d{\x01|I\x1e\x01\x97R\xf2\x8b\x0a\xe8\xc1\x0a\xb0\
\xea\x01\xb0My\xf1\xa5\xa6.i\x8e\x80\x8a\x1d\xb6\x17\
\xc0\x0a\xa2\x00\xbc\xad\xed\xf2T\x05\x1c\xc0\xd7\x01\xd6\xac\
\xffX]\xe8\xc5w\xda\xde\xaay\x11\xb0f\xa9\xed\x05\
\xb0\xa1\x99\x00\x01\x17\xba\x9a^V\xc0\xbdF\xac\x00+\
\xde\x00\xc4\xa7\xd6\xbf\xa9\xeb\x02\x89\x03\xdc\x9f\xda\x0f\x03\
6\x91%9\xf8[x\xaa\x00d\xe5\x1e.\x9f\x05\x17\
\x80\xd4\xd4\x01 \x87\x7f\xd3\xbc\x06p/_`{\x01\
\xac\x9fO\x9e\x01\xd7S\xf2\xab\x0a\xa8\xc7\x05\xccu\xfd\
\xf7\x1f\x08\xbc\xfc>S\xd7\xb5\xaf\x82\xdfg\xc0\x0fB\
:B\x83-\xfd\x09U\x05L\xe2!\x90\xa3\xee\xbd\xfc\
\xfd\xcb\x89\xfe\x16-\x0c\xda\xc0\x00\x0e&\x9f\x02U\xf7\
\x80\xe7\x150\x80\xaf\x03rz\x00\x18x\xb5\xfe\xf4\x1d\
\xc0\xb5\x86\x85\xfe\xa02\xb2)$\xd8|?\xaa\xae\x80\
\x13X\x019\x5c\x00\x0e\xab\xbe\xca\xf0\xfdf\xed\x06\xb0\
h\x01\x03\x05\xb0l9\xb9\x05T]\xee\x8b\xa8>\xb6\
\xdc\x86\x15\x90\xf5\xfaw\xd4\x84^~\x8f\x91>\xaa\xeb\
\xb4\xf9k&\xdb\x02\xbcSo\x03\x9f+Tw\x18\xd1\
`\x96\xfb\x7fCXu\x00$\xc7\xb5M\xa7\xee\x226\
\x1a\x034\xf7\x00W\xd0u7\xac\xae\x80\x9a1\xac\x80\
\xec.\x00\xbd\x01\xd5\x01p\xd7\xa55\x06\xbb\xe70\xd2\
\x19\xf4\x95f\x0b\x88\xed\xbd\x15%*\x00\xed\x01\xd9\xac\
\x7f\xe3\x90\xea\xf7\x1f\xbd\xb5\x97\x1a=3c5#\x05\
\xf0\xf9bM\x05t^\xfc)\xad\xae\x004\x88dS\
\x00\x93\xaa\xdf\x7f\xa2\xeb[j\xea\x00\x0b/\x01^h\
\x97\xb65d\xcf\xcd\xae\x84\xfa*\xd0\xde\x81O\x82\x19\
\x13\xa0W\xcf\x7frM\xdf\xcfT[\x80\xbb\xe8cf\
\x0a\xa0\xf4=\xaa\x02n\xdfP\xef\x01h\x10\xc9x\xfd\
\xbb\xebT\x17\x80\xf8\xf7\xf4\xd4\x11\xf7.\x89\x1d}8\
[\xfb\xf1\xbc?\x1f\x8a\xab* \x90B\x83Hf\x17\
\x80\xb8j\x03H\x1d\xa1'N\xb8\x9735(\xeaK\
\xaa?\xd0\xfbK_\x13Y\x01\xf8V\xd8\xfc\xf9_\xab\
\xbe\x00\x86\xcfW\xd3\x9d\x8136\xb1\xb4\xfeR\xe9r\
\xba\x02.=\xa9Q\x9f\x02h\x11\xca\x8e\x00\xc9\xd1\x89\
31\xb6\x0f\x80gZ\xb7\x9b\x9a\x0b\xed=W\xa3~\
%\x88\x06\x91\xac\x08\x90\x9c8~\xb2\x0ah\x0ben\
x\xf8fz\xa8\x87w|\x84\xa8\x80!4\x88dN\
\x80\x9a\x0e\xfd\x00<\x00~4WbN+\xa8C\xa0\
\xa2\xf3\x9a\xfa\x95\xa0\x1c\xb8W\x8e\x15\x90!\x01\x8a\xd4\
}\x07\xac\xff\xfc\xd5\xec\xad\xbf\xb4`\x0e]\x01UG\
RD\x05\xa0A\xc4\x0c\x01R_\x00\xc2\xe3\xc0\xd8\xc9\
5%\x12\x8bZ\xb6\x85\xaa\x80`\xe51\xa2\x02\x94I\
\x5c`\xc3\x0b\xe0)\xf5\x05\xe0X\x0c\x185\xf5\x86\xc4\
\xa6\xb4\xe9>\xcfL\xa2\xee_\x93\xc4\x1e\xf0\x0d\xbe\x0e\
\x98\xfe\x02pPM\x80\x92G[\xe8\xf1@\xee7%\
VUJ\x8f\x0b\xaal!\xd0\xa0\x1cB\x8b\xd0\xb4\xeb\
_>\xa4\xbe\x00\xde:;H\xaf\xff\x96bf\x0b@\
\xfa\xdb\x07t\x05\x5c9JV@\x1b\x82\xa1\x1c\x08\x90\
\xcb\xbdh\xa5\xc4\xb0\xd6ST\xc0\x15{Lx\xc4\xd0\
 \x92\x0b\x01r\xb9g\xce\x93\x98\xd6\xbcw\xa8\x0a\xa8\
:K\xda\x03\xea\xd0 b\x8a\x00%\x00\x02T\xbd\xb8\
Lb\x5c_\xcc\xa4+\xe0\xbf\xfd\xa4A\x04\x87\x08\xc1\
\x17\x80\x8e\xb4\xda\x03|\x04\xb8\x00\xfeu\xad\xc4\xbc\xd6\
\xbdEU@\xe7\xc5\xe3h\x10\xb1\x82\x00U/\x918\
\xd0\xa6\xc54\x16\xb8\xf9\x13a\x10I\xa3A\xc4\x88\x00\
]\x85\x08\xd0\x9c\x05<\x14\x80T\xb2\x8d\xfa\xe8\xde\x1f\
\xba\xe2\x84E\x08\x0d\x224\x01\x0a\x18\x12\xa0Y\x12\x1f\
\xfap\x06]\x01\x8f\x08\x83\x08Z\x84\xb2 @\xef\xcd\
\x95x\xd1f:B\xc6\xfbK_\x1c\x0d\x22\xb9\x10\xa0\
\xb7\x96J\xfc\xe8\x13\xfa\x01\xd6\xfb\x9dBX\x84\xd0 \
B\x10\xa0\x1a5\x01:\x0d\x11\xa0U\x12O\xdaI\xe7\
\x86{\xbf'\x0d\x22=h\x10\xd1%@A~\x08\x90\
y{\x80\xcb;\x9e&-Bh\x10\x11\x81\x00\xe9h\
\xe1W\xb4=\xc0{-\x1cA\x83\x08 c\x02\xf4n\
1o\x05\x80\x06\x91\xec\x08P\x9cC\x02\x94\x89Ad\
\x18\x0d\x22\x06\x04\xa8\xd5\xcb\x1f\x01\xd2\xd1,\xda \x12\
ti\x0d\x22\x8e?\x04\xfc\xdd\x11#\x02TT&\xf1\
\xa9\x95\x1bi{\xc0\xbf\xcf\x13\xf6\x00\xc7\xcf\x90!\x09\
P\x12\xe8\x01\xe2\x82\x00\xe9\x19D\x16\x01\x16\xa1\x07\x1a\
\x83\x88\xa3+\xc0\x04\x01r/\x91\xf8\xd5z\xbac(\
v\xe6>Q\x01\xb2\x93\x0d\x22\xbe\xfd\x07\x14A\x08\x90\
\x9eA\xe4#\xda\x1ep\xe1*\x1aD\xa6T\xaf\x08C\
\x80t\xf41\x1aD\xa6#@\x01\x81\x08\x90\x8eV\x7f\
J\x1bDN\x1e\x1fA\x83\x88x\x04HGe\x80A\
\xe4[4\x88\x98#@%\x92\x00Z\x05\x18D.w\
\xa5\x9dn\x10\xf14\xb4\xab/\x80B\x10 =\x83\x08\
\x1d/\xec\xbds\xc3\xe1\x06\x11\xcd\x1481\x08\x90\x9e\
\xfe\x04\x18DZI\x8b\x90\xf3\x0c\x22\xe4\x148A\x08\
\x90\x9e\xde\x00\x0c\x22\xd7\x03N6\x88\x88J\x80\xf4\xb4\
\x15\xa8\x80\xff\xd4\xd58\xd6 \xa2\xed\x01\x12\x87\x00\xe9\
i\x17`\x109\x17w\xea\x0c\x19U\x0e\xd0\xd3\x0b`\
\x1a$@;\x84Z\x7fi\xe1\x9b@\x05\x9c\x8e\xd6\x11\
\x06\x11\xa7X\x84<\x0d\x22\x13 =\x83\xc8\x97\xa0E\
\x88\xac\x00\xa7\x10\xa0\x94\xd0\x04H\xcf \xf2>m\x0f\
\x88\x0d;\xd0\x22$>\x01\xd23\x88\xfc\x99\xae\x80\x8a\
c\x0e4\x88\xd4\x1b\xf6\x00\xbd=K\x12Q\xaf\xbdM\
\xdb\x03\x9a\xcf\x13\x15\xe0\x80\x88\x19\xcf\x09\xa2\x07\xe8\xf6\
\x1e\x11\x09\x90\x8eJM\x18DN\x08\xbe\x07h\x09\xd0\
\x1e1\x09\x90\x8e\xe6\xfe\x8b6\x88hf\xc8\xc8b\xcf\
\x90q\x0c\x01\xd2\xd1\xe7\xf4\x0c\x99}{\xaf:g\x86\
\x8c\x88=@\x99\xe9/\xc63d\x04\x0e\x19\x22{\x80\
\x04'@9\x18D\xc4\xb5\x08\x09\xd9\x03\x94\xa1v\xcc\
\xa7\x0d\x22\x17\x9da\x101A\x80>X)\x09\xafU\
E\xf4K\xe1\x9b\x1a\x83\x88\x90\x15@\x10\xa0\x88H=\
@\x16\x18Dn\x8bo\x10!z\x80\xea \x02\xe4\xe2\
\xb6\x07(C\xad\x05\x0c\x22d\xc8\x902\xda \xda\xfb\
\x00\xb2\x07(\xcc\xeb\x148k\xb4a\xb6\xcb dH\
\xb8\x88\x19\xdf\xc1Q'\x12 =}\x0d\x18D.\xc9\
\x84A\xa4W({\x80\xaf\x91 @\x13W\x9cB\x80\
\xf4\xb4\x04\x98!#r\xc8\x90\xcf\xb1\x04HO\xdb\xa1\
\x192\xc2\x86\x0c9\x99\x00\xe9Y\x84\xfe\xe1 \x83\x88\
\xff\xb0\x1cr.\x01\xd2Q1=C&8H\xce\x90\
Q\x041\x88x\x88\x1c\xa0\x94\xe3\x08\x90\x9eA\xe4]\
\xba\x02\x82\x1a\x83\x88\x103d|\x9a\x1e\xa0J\xc7\x11\
 =\x83\x08\x102\xd4L\xce\x90Q\x04\xb0\x08!\x01\
\xd27\x88\x98\x08\x19\x12\xc0\x22D\x10\xa0\xfe\x0b1'\
\x12 \x1d\x01!C\xc2\x19D\x90\x00M'0dh\
B$\x83\x88\xb8S\xe0\xf2i\x10Q\xef\x01\xa1\x08\xcf\
\x06\x11\x92\x00%\xce\x01\x17\x80\xdde\x92\x93\xb5\x14\x98\
!s\xb2\x7fD\x90\x192d\x0f\x90\xc3\x09\x90\x8e\x80\
\x90!\xefE\xc2\x22\xa4\xc4y\xb5\x07\xf8j\xd5\x04(\
\xe9t\x02\xa4#8d(-\x80E\xc8\xd7H\xe4\x00\
M\x80=@\x0b\x1d_\x00R\xc9\xeb@\xc8\xd0\x0d\xa2\
\x02N\xf1i\x10Q\xe7\x00\xa5A\x02\xb4q\x16\xae\xbf\
\xa9\x90\xa1Q\x0e+@C\x80\xc4\x9c\x02g\x8d\xe0\x90\
\xa1&\xbeg\xc8h\x09\x100\x04\xc0y\x04HO`\
\xc8\xd0\x8f\x5c\xcf\x90\xf1\x10=@I\x88\x00\xcd(\xc1\
\x95\x9f\xd2N\xb7`!C\xbe\x86\xb0S\xa6\xc0Y#\
 d\xa8\x93\xe3\x90!GM\x81\xb3D@\xc8\x90\x8b\
c\x83H\xa31\x01\xdaR\x8c\xab\xae\x16\x102\x14\xac\
\xe2\xd5 b\x86\x00\x95\xe2\x9a\x93\x82B\x86\x82\xc3\x5c\
\x1aD\xb4\x04h\x0f\x12 3\x02B\x86*\xab\x7fM\
\xf1g\x101A\x80\x8a\xcap\xbdi\xad\xfc\xbba\xc8\
P\x88\x83\x90!\x13=@\xb3\xd7\xe2jC\x02B\x86\
bW\xc8\x192\xf2\x09\xd6\xd1\xa0C\xa7\xc0Y#8\
d\x880\x88\xb0\x1e2D\xf6\x00\x85\x91\x00e&\x13\
!C\x11\xb6+\x80\xe8\x01J\x1f?\xe9E\x02\x94\x91\
x\x0f\x19\xf2\x0c\xa8~\xffq$@\x99\x0b\x98!\xe3\
=y\x9c\x80\xc3\xf1\x87\xcc>\x09\x22\x01\xca]<\x87\
\x0cy\x1e\x22\x01\xca]\xab^\xa7*`\x0f\x152\xc4\
\xe4)\xa0%@\xd8\x03\x94\x9dL\x85\x0c1\xf8F\x88\
$@Q$@Y\x0b\x0e\x19\x22\x0c\x22\xa3,\x1aD\
\xee\x11\x04\xe8,\xf6\x00e-0d\x88u\x83\x08\x12\
 \x0b\xb5\xb5\x1a\x0a\x19b\xda \xe2o{\x82\x04\xc8\
:q\x172\xa4\x99\x02\x87\x04(G\x01!C\x15\xde\
\xd3\xe4\x0c\x19\x96B\x86<\x1d\xe9\x10A\x80*h\x02\
\xf4\x19.k\x06\x02B\x86\x82\xdek\x04\x18R\xd8\xb1\
\x08\x91=@\xe1\xf3n$@9\xab\x18\x0c\x19J2\
\x192\x84\x04(\x1f\x82B\x86\x5c\xc7H\x83\xc8\xa4\x8f\
\xbd\x0b \xf6\x00Y%8d\x88<\x05\x980\x88x\
\x06\xd4\x17\xc0C\xb7\x91\x00Y$ d(\xd6\xa25\
\x88\xd8_\x01&\x08\xd0|$@Y\x09\x0e\x19\x22\x0d\
\x22\xb6\xcf\x90\xc1\x1e\xa0<\x0a\x08\x19\x1ad,d\xc8\
\xd7\x10\xc5\x1e\xa0\xfc\xc9D\xc8\x90\xbd3d\x90\x00\xe5\
YKM\x18D\xec\xb4\x085\xaa/\x00#8\x05\xce\
z\xed\x98\xeff8d\x08\x09P\xfe\xb5\xaa\x080\x88\
\x90\x15\xd0\xdea\xd3\x1e\x80\x04\xa8\x10*a6d\xc8\
\xdf]\xa7\xba\x00D\x91\x00\xe5I\x9f\x99\x08\x19\xaa\xb5\
\xa1\x02<\x0dH\x80\x0a\xa3\x0d.\xa3\x192\x81\xde\xc2\
[\x84|\x07SH\x80\x0a$0d\xe8\x89\xbd\x16!\
M\x0e\xd0U$@\xf9\xd4\x12\xc0\x1e`\xb7A\xa4\x1e\
\x09P\x01\xb5\x1d\xa8\x00[C\x86\xfc\x03d\x0e\x10\x12\
\xa0\xfc\x0a\x08\x19zf\x10\x89\xd8e\x10!\x09P\x04\
 @.\xec\x01\xb2T\xc5\xc63d\x0ah\x10!\x09\
P\xf84p\x01@\x02d\xb1\x96A!C\xc3\xf6\x18\
D|\x0d\xa7\x90\x00\x15\x5c\xaf\xfd\x93\xae\x00{B\x86\
\x90\x00\xd9#p\x86\xcc];,BC\x04\x01:\xbb\
\x0f\x09Pa\x04\x87\x0c\x15\xdc \x82\x04\xc86\x013\
d\xf6=\x9e\x08\x17\xd6 \xe2oS\x90\x00\xd9%\x06\
\x0c\x22$\x01\xc2)p\x05\xd6\x173\x01\x83\x081C\
F\xc9\xef\x0c\x19\x8a\x00\x05\x91\x00\x15Tp\xc8P\xc1\
f\xc8\xf8jS\x01$@\xb6\x0a\x0e\x19\xd2X\x84\xf2\
\xb6\x07\x909@W\xcf\x00\x17\xc09\x0bp\x91\xf2*\
0d\xa8+N\x86\x0c\xe5\xeb}\x00\x12 \x06d_\
\xc8\x90\x1fs\x80\x98\xd0\xe6\xd9\x86\x06\x91Tm\x1eN\
\x01\xffa\xd5\x7f\x11\xa9A\x02d\x9b\xc0\x90!%\xdf\
\x06\x11\x8a\x00a\x0f\x90m\xda\x09\xd8\x03\xf2\x1d2D\
N\x81\x0b\x1f\x0b\x02\x17\x00$@\x85\xd2\x0a\xc0\x1e0\
\x9e\xc8g\xc8\x10\x12 \xa6\x04\x84\x0c\x05\xbd\xbf\x93\x06\
\x91\xa1\xfc\x11\xa0D\xff\x85*$@\xb6\x0a\x0e\x19\xca\
\xdf\x04\x11\xdf\xa4\x82\x04\x88)A!C\x95\xa4A$\
`\x9dAD\xdb\x03\xe4E\x02d\xbb\x80\x90\xa1`u\
\x9e\x0c\x22\xc4\x14\xb8\x08H\x80v#\x01*\xb4Vn\
4\x0c\x19\xb2\xc8 \x82\x04\x88M\x01!C\x95-\x0f\
\x92\x84A\xc4\x8a\x90!_\xed\xa8\xfa\x02\x80\x04\x88\x19\
A\x06\x913\xf7\xc3V[\x84\xb4=@\x95\xd8\x03\xc4\
\x8a\x0a\x132\x84\x04\x88]\x01!C^\x8bC\x864\
=@H\x80\xd8\x12\x1c2DT@\xfc\xa1\x1f\x09\x90\
\xb8*[\xec6\x0e\x19\xf2#\x01\x12W@\xc8\x90\xf7\
r\x17Q\x01\xd1\xacC\x86\xb4\x04(\x86\x04\x88=A\
\x06\x91;\xd6\xcc\x90\xf1\xed\xefU\x90\x001/8d\
(n\x85ADM\x80\xd2\xfdg\x91\x00\xb1)0d\
(\xa01\x88\xf8\xb3!@\xd8\x03\xc4\x87\xb6\xba\x8dC\
\x862\xb7\x08\xf9\xdbd$@\x9ch\x174C&\x9d\
\xdb\x0c\x19\x92\x00\x8d\x80\x04h\x07~\xf5l\x08\x08\x19\
\x0ajB\x86\x94\xa1r\x1f\x12 a\x05\x85\x0cu\x92\
!C\x99\x19D|\x07\x91\x00q%(d\xa8\xf2\x7f\
\xd9[\x84\x90\x00\xf1&8d(\x99\xed\x0c\x19$@\
\xdc\xc9\xca\x90!\xcf7H\x80\xf8S\xa9\xa1A\xc4l\
\xc8\x90g\x00\x09\x10\x8f\x9a\x0b\xce\x90!\x0d\x22\x03\xc6\
w\x01_\xf9\x80\x8c\x04\x88K\x01!CU{'\xa2\
\xc4)P\xdfh\xb0\x09x\x1a\xebU\xfb?\x12 \xae\
d<CF\x0e\xf4L\xcf\x06\xfd\x0d=\xaa\xe7?$\
@\x9c\x09\x0c\x19\xea'\xf7\x80D[\xa3n\x09\xf8\x1b\
\xdb\xe2\xea\xdf?\x12 \xde\xb4\xce0dH\x0e)\xbd\
\xdd\x8d~\xe0Q\xc0\xe7o\xec\xeeUT\xc7?\x12 \
\x0e\xb5\xa9\xc8h\x86\xcc\xd3M@>0\xb6\xdf\xef!\
j\xc0\xe7\xf1\xef\x1f\xeb\x91\xd5?\x7f\xb9\xe9G$@\
\xfc\xc98d\xe8Y\x09(\xa3\xf5\xdd\xb5\xe5~\xbf\xe7\
\xb9\xfc\xfe\xf2\xda\xee\xfaQ\x85X~\x9d\x1e\xa0m\xd8\
\x03\xc4\xb8\xd6\x1a\x86\x0c=?\x08\x02\xa1\xf6\x03\xf5m\
c\x0f;:\x1e\x8e\x9d\xa8\xefi\x7f\xfa\x07\x9a\x7f\x92\
\xc4\x1c >\xb5\xc1p\x86\xccT\x0d\x04\x14%\xf4T\
\x8a\x12PB\xd4_\xe3\x148n\xf5\x89\x1b\x0a\x19\x8a\
\xc8\x19\x09\xa7\xc0q\xac%@\x05\x90!C\x86J \
\x01\xe2Y\xdb\xa1\x192#u\xe6\xd7\x1fs\x80\xf8\x96\
N\xc8\x90\xe9\xf5\x07\x09P5\x12 ~\x04\x85\x0c\x0d\
\x923d\xa6S\x12\x09\x10\xef2\x1124\xcd\xfa\x0f\
W\x22\x01\xe2]\xb3\x80\x90!\xd7p\xd8\xc4\x93`$\
9\xec\x0a\x22\x01\xe2^@\xc8P\xb0\xe2H\xba\xc6\xf0\
\xf9/}\x04\x9a\x02\x89\x04\x88;\x01!C\xc1\xd8\xb9\
\xbe\x84\xc1\xfd\xaf\xef\xdc\xbe \x12 !\x04\xcc\x90\xa9\
\xf0>\xeaOF\xa6\xdb\xfe\xfb\x1f\x01/\x80\x91\x00\xf1\
\xa9y\xef\x00o\x84\x1e\x0f+Q\x9d\xe5\xaf\x8b*\xc3\
\x8f\x81\xe7\x7f\xd76\xec\x01\xe2S@\xc8\x90\xabr\xdf\
\xa3\xa35Q`\x17\x88Dk\x8e\xde\x19\xac\x04\xd6\x1f\
\x09\x10\xb7\x02B\x86\x9en\x02\xee\xd6\x07}Ib\xb8\
\xb4\x1cI$\xfb\x1e\xb4Vw\x02\xcb\x8f\x04\x88g\x01\
3d\x9e=\x09\xc4.\xff>q(\x15\x1dI<W\
4\x9a\xfa\x7f;\xf7\xb2\xd20\x14\x04`\x18/`\xbd\
!\x0a\x06\x8b\x92\xd6j\xa4\xb4b\xb4\x1a/\x18\xb0\x8a\
\x97.\x0e\xcc\xa6/\xe0\xf2,\x02\xbeC\x17>\x84\x0b\
\x1fA\xe8\xa2t[\xe8\x83Y\x0b\x82H*I\x5ce\
\xfa\x7fd\x15\xb2\x9a\x1929'\x93\xbc\xf6\xde>^\
b\xba?\xdf\x00\xe5]\xcc\x80\xc8xX\xb4m\xfa\x9d\
\xeep\xd0\x1b\x8c\x8ea\xb7\xd3\x7fn\xdb\xd8\x0b\x8d\xb8\
\xbc\x01\xca\xb5\x98?\x88|\xd7\x80\xb5\xefc\xd6N\xca\
\xfeW\xfeY\x00\xe6\x5c\xcb\xfc\x83\xdc\x1d\x10\xc1\xbc{\
\x8c\xb2\xe7\x7f\x99\xfb\xbf\x027K\x92-\xfd\xe6\x96\x09\
 \x15\x1a\xf5,\x15 \xf5\x06\xa1\xd3\xb2\x16\x08\xd2W\
\x80\x94\xcf\x09\x9c\x1a\x05?m\x05\xc8\xc2\x09aSd\
\xceYOS\x02\xd2l\xd1\xfe\xb5\xb5\x81\xfd\xc4\x15\x10\
\xc9i\x8d\x80\xa9\xb3\xb1\xd7LV\x02\x12l\x96\x08\x97\
F\xd7^\x82> \xf3\x0e\xe3\xdfj=Tf\xe4\xaf\
}!\x91bX L\x9a\xd5\xc2@dR\xf6\xa5\xfc\
\xc4\xec\x8fz+\x97nQ~\x17A4:3\xeb\xad\
\xb1\xf3?\x1dV/\xbc\xddE\xf9\xc1\x04[Nu\x87\
\xc0L\x91\xd2q\xf5\xec\xfe\xca\xf5}\xb7\x12n\x1f\x1e\
\xf1\xdc\x07\x00\x00\x00\x00\x00\x00\x00\x00\x00\x00\x00\x00\x00\
\x00\x00\x00\x00r\xe3\x13\x05\xe0O\xbd\x8d\xfd\xfd\x85\x00\
\x00\x00\x00IEND\xaeB`\x82\
\x00\x00\x1f\xfb\
\x89\
PNG\x0d\x0a\x1a\x0a\x00\x00\x00\x0dIHDR\x00\
\x00\x02\x00\x00\x00\x02\x00\x08\x03\x00\x00\x00\xc3\xa6$\xc8\
\x00\x00\x00\x09pHYs\x00\x00\x0e\xc4\x00\x00\x0e\xc4\
\x01\x95+\x0e\x1b\x00\x00\x03\x00PLTEGpL\
\x05&0\x08(1\x00\x19)\x05$*\x0f  \x07\
)1\x05#)\x07'0\x07'2\x09(1\x00\x1e\
&\x07'0\x02  \x00#,\x07)1\x06\x19%\
\x06&/\x00\x00\x00\x08'1\x07(1\x08(0\x07\
'0\x07(1\x07'0\x00\x09\x18\x07'1\x07$\
/\x06&/\x0c\x1c$\x08&/\x07'0\x07(1\
\x04#,\x05&/\x08(1\x03&.\x09(0\x08\
'1\x06%-\x06'0\x09'0\x05!-\x04#\
*\x07(2\x06&.\x01$+\x07\x18&\x07(0\
\x05&/\x07'0\x06(0\x08\x1e$\x04'-\x08\
&/\x07'/\x07'1\x07'0\x00\x1e/\x05%\
.\x09'1\x02\x22+\x07'2\x08'1\x07'0\
\x04&/\x06'0\x05$/\x08'0\x05$/\x08\
(0\x08'0\x05(.\x08'0\x0a\xa5\xf6\x0a)\
2.\xbb\xf4)\xa6\xcc\xdc\xf1\xfd\x0a+4)\xa5\xca\
.\xbc\xf6\x08%-.\xbc\xf5.\xb6\xed-\xb1\xe1.\
\xb6\xee-\xb2\xe1\x10H\x5c\x10H^\x09\x22)\x0a(\
00\xbf\xfa)\xa5\xcb\x0d6D)\xa6\xcb\x09(1\
\xe2\xf4\xfd,\xb4\xeb\xde\xf2\xfd%\xb9\xf4$\xb8\xf3\x86\
\xd3\xf8}\xd1\xf7\x08$,\x09$+.\xbb\xf5\x09'\
/\x1ah\x87/\xba\xf3.\xbd\xf60\xbe\xf8\x0a)4\
-\xb9\xf1\xdd\xf2\xfd0\xbf\xf9)\xa9\xd0)\xa8\xcf)\
\xa6\xcd-\xb6\xea-\xbb\xf4.\xb8\xf0\x0c4@\x0a+\
5'\xba\xf4+\xb0\xe0*\xab\xd4,\xb3\xe3+\xb4\xe5\
.\xba\xef-\xb6\xec)\xa7\xce\x0b-7+\xaf\xdc*\
\xac\xd8)\xaa\xd3\x1f\x82\xa9\x0b1>\x14Tl+\xad\
\xda\xe1\xf3\xfd(\xa7\xd0\x0e=M\x09$)\x0fDW\
.\xbc\xf4+\xaf\xde)\xa8\xdc.\xbd\xf5,\xba\xf4,\
\xb5\xe7\x1bo\x90+\xa9\xd2)\xaa\xd2.\xbe\xf8\x12L\
a&\x9b\xca-\xba\xf2)\xa6\xca\x09\x22+,\xb2\xe9\
+\xae\xe3.\xbb\xf3)\xb9\xf4!\x88\xb1\x1dy\x9d/\
\xc0\xfb\x13Qh*\xac\xd7$\x93\xc0\x22\x8a\xb4*\xab\
\xd6,\xb5\xe8\x16]w\x12Nd(\xa2\xd4-\xb8\xed\
.\xbb\xf6\x0b/:\x0d8F+\xaf\xe6\x0a%-*\
\xae\xdf+\xb2\xe2\xd7\xf0\xfd%\x96\xc3\x15Ys\x1bq\
\x92&\x9d\xcd\x19j\x83,\xb4\xea\x19k\x8b'\x9f\xd0\
\x16_y\x18g\x85*\xba\xf4(\xa0\xc5\x1cu\x96\x1c\
w\x9a\x0fAT\x0e?P*\xab\xde(\xa5\xd7%\x99\
\xc6\x10FZ\x0d:I*\xac\xe1\x18e\x83\x14Wp\
\x1e|\xa1\x17a{\x0b0=#\x92\xbe\x09'-,\
\xb6\xeep\xcd\xf7<\xbe\xf5{\xd1\xf7c\xc9\xf6\xd2\xee\
\xfc\xca\xeb\xfc[\xc7\xf6\x22\x8d\xb7$\x96\xb9\x1f\x7f\xa4\
#\x90\xbb)\xa7\xda+\xb1\xe7\x11J^O\xc3\xf6\xdb\
\xf1\xfd \x85\xad\x18d\x7f'\xa1\xd2V\xc5\xf6H\xc1\
\xf5\x22\xb8\xf4\xb3\xe3\xfag\xca\xf6\x81\xd2\xf8\x8c\xd6\xf9\
\x92\xd8\xf9\xab\xe1\xfax\xcf\xf7\xbd\xe7\xfb'\xa1\xca(\
\xa3\xce3\xbd\xf4\x9d\xdb\xf9\xa4\xde\xfa\xcf\xed\xfc\xc4\xe9\
\xfbD\xc0\xf5!\x8b\xac\x1f|\x9a+\xb3\xe1W\xad\xf9\
\xf6\x00\x00\x00JtRNS\x00_\xfa\x05+\x10\xef\
,\xf2\xf1\xfd\x18\xa4\x07 \xf4\x0aW\x01\xe3\xc1\xed\xd9\
\xce\x93\x03\xebG|\x12et\xdc.S\xb4O\xe7\xe0\
>\x82\xb88)\xf7C\x22\x0d\xd5l\x98\xbd\x14:b\
\x85\xb0\xab\x1b5\xcb%\xf0\xd1\x88[\x8fL\x9e1\xc6\
rh\xa8\xa1\xbeY*\x00\x00\x1cKIDATx\
\xda\xec\x9d[l\x13W\x1a\xc7\xdb\x00K\x08\xb7@\xb8\
\xa6\x01B\xc9\x85\x94[\x12 \x05\x12\xee\x94\xed\xcaG\
\x199F\x11k\x8fPB\x02k\xc70\x93\xda/\xb9\
\xf8\x09\xe5\x01\x22\x8b\xec*\x8a\x90\xb8\x08h\xd8 V\
\x82J\x5c\xa4\x04\x10\x94F\xe1\x1aR(t\xc3]m\
\x81@\xb9_*\x15Z\x1e6f\xb7\xd2z|\x8e\xc7\
Dx\xec\x99\xf3\xff=U\x91\x5c\xb5\xdf\xf7\x9b3\xc7\
s\xfe\x9e\xef\x83\x0f\x00\x00\x00\x00\x00\x00\x00\x00\x00\x00\
\x00\x00\x00\x00\x00\x00\x00\x00\x00\x00\x00\x00\x00\x00\x00\x00\
\x00\x00\x00\x00\x00\x00\x00\x00\x00\x00\x00\x00\x00\x00\x00\x00\
\x00\x00\x00\x00\x00\x00\x00\x00\x00\x00\x00\x00\x00\x00\x00\x00\
\x00\x00\x00\x00\x00\x00\x00\x00\x00\x00\x00\x00\x00\x00\x00\x00\
\x00\x00\x00\x00\x00\x00\x00\x08\x03c\xe6\xe6\xceL\x9f9\
~P<J\xc1\x1fS\x87,Z\x9a\x9c89..\
&653cA\xcaT\x94\x84#\xa6\x0d\x99\x95*\
tczK\xb9\xef\x1f\x13\xa7g\xcdEa8i\x7f\
V\xa6 \x94\x9b\xfc\xe9\xb6 q\xc0\x94\xd1\xa8\x8e\xf1\
Y\x9c\xf7\xc7\xa5\xafD\x88\x9b\x9e\x02\x05\x8c\xbe\xf1\x1b\
\x15\xc3h\xff[\x05L\x19\xe9\xa8\x91\x91\xe9\xbd\xb4\xda\
\x14\x14ar\xf6\x1c\x94\xc9\xb0\xccL\x13Lj\x08\xc9\
CP(\x83\x92\x9e\xaa\xde\x7f\xdfV {\x06je\
D\xc6\xa7\x85\xd2\x7f\x9f\x02y\xb9\xa8\x96\xf1\x9812\
\xc4\xfew\x1b\x90\x88\xdb\x80\xe1\x18\xbd$\xe4\xfe\xfb\xf6\
\x829\xa8\x98\xc1Xhz'b\xb2P2C\xd1?\
Mx7\x03\xe2\xfe\x8c\xa2\x19\x89\x05\xef\xd8\xff\xee\xdb\
@\xd2P\x94\xcd0LM\xa4\xb4\xb8\xa8\xc0\xe1\xb0\xdb\
\x98\x06\x94/\xc0\x83a#/\x00v\xfb\x86\xf6\xda\xda\
-\x07\x9cV'k\x0d\x185\x10\x953\xc8W\xc0\x04\
\xe5\xf1\x9f\xb3`\xdf\xae\xfack\xd7\xae\xebh9\xbe\
\xd1\xf1=\xc3\x80%\xf1\xa8\x9d!\x18\xab\xec\x7fA\xd5\
\xbdJQ\x96,\x16\xb3\xec\x16\x0f\xae?m-\xa2\x1b\
0`\x1a\x8ag\x00\x86f(\xee\x00\x87\x0elm2\
\x93?\x90\x9a\x0e\x1e\xa99D7`v\x1f\x94O\xff\
\x0c\x9a\xe7\xdfV[MK\x13\xf9\x7f$\xf7\xb9S\xdb\
\xe9\x06d\x8cA\xfdtO\x8e\xa2\xabum\x22Q \
v\xd4:\xe8\x06\x0c\xeb\x8f\x02\xea\x9d%\xfe)\x00\xe7\
\xc6\x83\x9b\x95\x02\x10y\xdd\x09+\xdd\x80\xa5\x83PA\
}3p\xbe\xff\x16\xc0z2`\x01\xf0\x19P\xf8-\
}+(\x8cDfX\xe7[\x80X\xff\xe7?5_\
\xc9\x14\x01\x88\xb4\xf6\xb8\x83n@\xe6$\x14Q\xcf,\
\x8e\xf3\xff\x0ax\xa7\xd2B\xa8\x06\x90\xb6\x02\xea\x83A\
a\xc4g\xa8\xa2\x8e\x19\xa7\xb8\x03l\xdaL\xe8\x98\xa5\
\x7f:\xe9\x06\xa4}\x822\xea\x97Q\xfe{@\xc7\xae\
&\x86\x00\xc4\x22\xff`\xa2\x1b\x900\x05u\xd4-\xb3\
\xfcV\x80\x22\xe1\x9c\x9b0\x0dp\xdf\xabv\xd2CB\
\x1f\xa1\x90:e\xf40\x7f\x01\xf6\x9f\x95\x99\x02\x902\
\xf1_\xfb\xe9\x06\xccKA)u\xfa-0\xd3O\x00\
\xdb\x86\x0e\x89\x043\xe0\xc7\x0d\x05T\x03\x06/D-\
uI|\x9a\xdfQ\x90m\xc5m3\x09\x86\xd8\xb2\xc2\
N\xcd\x07 (\xa8O\xa6\xa5\xfa\x1f\x04\xac8\x16\x5c\
\x00\x22\x1e=\xef@P\xd08\xf4IT\x08\xb0\xd2B\
T\x0c\xf8\xf94\xdd\x80\xb8q(\xa7\x0e\x05\xf8\xd3\xbb\
\x0a@\xc4\x9f\xfe\xce8\x1a\x9a\x88\xa0 \x0f\x02\x10w\
\xfd\x9d:\xba\x01\x0bz\xa1\xa2\x1c\x08@\xdc;\xf71\
\x0e\x07G\xc1\x00\x1e\x04 \xf2\xedZ+\x82\x82\x1c\x0b\
@\xe4\x95\x87\xad\x08\x0ar,\x00\x91\xff}\x7f;\x82\
\x82\x1c\x0b@\xe4/\xd60\x02\x02\x19x\x83\x00\x0f\x02\
\x10i\xed&{\x11\x82\x82\xfc\x0a@\xcc\xe6\x93\x8c\x88\
\x08\x82\x82\x5c\x08@\xcc\xf2EF@`$^,\xc9\
\x83\x00\xc4\x22\xaf\x17\xe8\xc7\xc3\x99\xbdQZ\x0e\x04 \
\x16qW\x0d\xdd\x80d\x04\x05y\x10\xc0\x17\x10\xb8D\
\x0f\x08\xa4\xcdDq9\x10\x80\x90\xa6=Ut\x03R\
\x11\x14\xe4B\x00\x22n=`\xa7\x07\x05\x17\xa3\xbc<\
\x08@\xc4\xaf7:\xe8A\xc1\x8fQ_\x1e\x04 \xe2\
Y\xfa\xaf\x87\x11\x14\xe4D\x00\x22\xd6\xb7\xd7\xd1\x83\x82\
cQa\x1e\x04 \xee\x0eF@ \x0eAA.\x04\
 \xf2AF@\x00AA>\x04 \xf21V@\x00\
AA.\x04\xf0\xbdC\x82\x11\x15\xc5\x1b\x05\xb9\x10\x80\
l\xae\xfc\xc6\x8a7\x0ar,@\x90\x80\x00\x82\x82\x5c\
\x08@\xccem\x05E\x08\x0a\xf2+\x001K\x17m\
\xf4\x80\xc0,\xbcO\x8e\x07\x01|\x01\x01FD\x04A\
A.\x04 \x167+ \x80\xa0 \x17\x02\x10\x8bx\
k?\xfdx8\x0fAA\x1e\x04 e\xe2eF@\
`>\x82\x82<\x08@\x88x\x8e\xfe\x0e\x09!\xb3/\
\xea\xcd\x83\x00D<\xca\x08\x08 (\xc8\x87\x00D\xfc\
\xea\x14\xd5\x80j\x04\x05\xf9\x10\x80\x88?\xb5;\x10\x14\
\xe4X\x00\xe2>\xb3\xa5\x0eAA\x8e\x05 \xee\x9d\xbb\
\xad\x08\x0ar,\x00\x91w\x5c\xa0\x06\x05\xcb\x07\x7f\x88\
\xaa\xf3 \x00\x91\xd7\xed\xa5\x1f\x0f\xc7|\x8e\xb2\xf3 \
\x80o\xc8\xc4v\x0c\x9e\xe5X\x00\x22m;N\x0f\x09\
\x99\x92Px\x1e\x04 \x129B\x8f\x88\x94ODL\
\x8c\x07\x01\x82\x0c\x99X\x04\x03x\x10 \xc8\x90\x09\x04\
\x05\xb9\x10 \xc8\x90\x09\x04\x05\xb9\x10\x80X\x98C&\
\xfe\x82\xa0 \x0f\x02\x04\x192\x81\xa0 \x17\x02\xb0\x87\
L\x08\x19\x88\x89q!\x80o\xc8\x04\xdd\x80as\xd0\
\x01\x1e\x04`\x0e\x99@P\x90\x13\x01\x88x\x96>d\
\x02AAN\x04 \xee3\xf4!\x13B\xe6x4\x81\
\x07\x01\x98C&\x84\xe4\x5ct\x81\x07\x01\x98C&\x84\
\xb4t\xb4\x81\x07\x01\x88\xbc\x92\x1e\x10@P\x90\x13\x01\
\x88\x5cx\x9fn\xc0p\x04\x05\xb9\x10\x80H\x95k\xe8\
\xdf\x05\xfa!(\xc8\x85\x00D\xfa\x92\x1e\x10@P\x90\
\x13\x01\x88d>I\x0f\x08 (\xc8\x87\x00\xbe!\x13\
E6\x04\x05\xf9\x15\xc0\xf7\x0e\x89j\x1b\x82\x82\xfc\x0a\
\xc0\x1e2Q\xfe)bb<\x08\xd0m\x00k\xc8\xc4\
\x22\x0c\x9e\xe5A\x00B\xc4=U\xf4\xe3\xe1l\x04\x05\
\xb9\x10\x80=d\x02AA\xad\x89\x8f\x88\x00\xec!\x13\
:\x0c\x0a\x8e\x8e\xef?un\xef\xbe\xfa\xa4\xf7\xcc\xd8\
\x88\x08\xe0\x1b2\xe1\xd0}Pp`\xdf\x94q\xd9\x19\
\x99\x09\x89\xc3\xe7\xc5\xea\x16\xff\xfa\xdb\xce\xaf\xd3F\x00\
\xe2\xae_N7`\xba>\x82\x82\xbd\xc6\x7f>`D\
\xac\xa9Z\x10\x84r\x93qp\x9e*\xd4H\x00\xe6\x90\
\x09ai\xf4\x07\x05\x87\xe6&\xe5\x0d\xeen\xbd\xc9p\
\xd8k\xbf\xd0J\x00\xdf\x90\x09\xfa\xa8\xa1\xbc\xa9\xd1\xdd\
\xfe19\xd3'W\x1b\xb0\xf9>\xack\xa42\xa2\x99\
\x01\x8c!\x13Bf4\x07\x05\xe7$%\x0b\x06\xed\xbe\
O\x80{MD;\xe4e\xdf\xd1\xd7\x80\x11Q\x1b\x14\
\x9c\x91\x94`\xe0\xf6\x9b\x8a\xf6\x9f\x955\x14\xc07d\
b\xbb\x9e\x82\x82\xbdrFT\x97\x9b\x0c\x8c\xa3v\x9b\
EK\x01|C&\x1c\xb4\x80\x80\x90\x10\x8dA\xc1\xcf\
&\x18\xf9\xea\x7f\xbb\x07\xbc%\x12m\x91,m\xdfS\
\x0dH\xfd(\xea.\xff\xac\xe1\x06o\xbf\xc9\xb1\xaf\xd0\
\xa2\xb1\x00\xc4\xbc\x99>d\x22\xea\x82\x82sf\x1b\xfd\
\xf27\xd9j\xb6\xba\x89\xe6X\xe4\xf5\x02\xcd\x80\xf2\xd8\
!\xd1\xd4\xff\xdc\xf9Fo\xbf\xa9\xc8\xbe>\x02\xfd\x0f\
2dbrN\xf4\xf4?%\xd1\xf0\xfd\xb7\x15\x9c\x94\
,\x91\x10\x80\x94\x89\xb7\xe8\xef\x90\x88\x9e\xa0`\xced\
\xc3\xf7\xdfzi\xbdd&$B\x06\xec\xa1\x0f\x99\x88\
\x96\xa0`V\x8c\xd1\xaf~\xab\xad\xf6\xa8\xdbB\x22\x86\
x\x8e\x1e\x10\x88\x8e\xa0\xe0\xd88\x95\xf29\x0b\xf4\x8b\
\xddn\xb5:\xab\x0e_\xde&\x93H\x22\x1e\xddh\x8f\
\xd6\xa0\xe0\x90 \xd7\xbf\xd3\xea(\xaa\xae:\xdd\xbe\xfc\
\xafze\xcb\xee\xbd\x9bn\x9d\xb1D\xf2\xf2\xff\xaf\x01\
\x8c!\x13\x91\x0f\x0a\xa6\x0fg=\xfc+\xb0\x0a\xa7\xbe\
\xbb\xb8\xe7\xec\xc1\x1d+\x97\xe9\x96\xc2Js\x93(E\
\xba\xfd$\xc8\x90\x89\x08\x07\x05\x07%\xd3\xf7\x7fE\x8e\
\xa2\xe5mG\x8fIMnY\x92\xcc:\xc6\x12\x05\xcd\
\xff_@`\x0b\xfdppI$cb\xf1\x19\xd4\xfe\
\x17Yk\xf6\xb6\x14\x8a\xb2\xb9\x8c\x80\xf7\xf7\x0e\x09\xc6\
\x90\x89\xd9}\x22'\xc0Dj\xff\xed\xc2\x89\xaf%\xd1\
\x8c\x9e\xbd\xe7\xe3\xe1\x1d\x17\xe8\x06L\x88XP0}\
0m\xd7\xef\xd8\xd2\x22\xc9\xb8\xf6\xc3`\xc0\xba\x13\xd6\
\xa8\x0a\x0aN\xcb\xa3,\x00\x055m\xcbD\xb4?<\
\x01\x81\xc2o\xeb\xa2)(\x98D\xe9\xbfcc\x8b(\
\xa1Ua\x0b\x08\x1c\xa7\x07\x04\x22\xf2F\xc1\xb9\x94\x13\
\x80\xba}\xf5\x22\xfa\x14F\x03\x18C&\x84\xccI\xda\
\x0b\x90\x1d\xd8\x7f\xeb\x85\xdbnt)\xac\x060\x86L\
D (8\xbe_\xc0#\xa0\xba\xc3+e\xf4(\xcc\
\x11\x11\xc6\x90\x09!M\xeb\xa0\xe0\x92\x80\x05\xc0\xb1{\
\x07\xfa\xafA@\xe0\x1e5 \xa0uPp\xd2<\xe5\
\x02`?\xd5\x81\xf5_\x93\xe3a\xfa\x90\x09!Q\xd3\
\xa0\xe0\xa7\xca\x05\xc0vi+\xf6\x7f\x1a\x19p\x99:\
dB\x18\x9e\xa2\xe1\x0f\x80\x02\x0e\x01\xec?\xa0\xffZ\
\xc1\x182Q\xdeO\xbb\xa0\xe0\xc7\xca\x1b\x80\xe3\xc26\
<\xfc\xd5\xce\x00\xc6\x90\x09\xed\x82\x82\xb3\x05\xe5\x0d\xe0\
gl\x00\xb44\x801d\x22&K\xa3\x18x\x82B\
\x00\xeb\xa6\x10n\x00\x15\x8d\xab\x02xT\xda\x10\xf2\xff\
u\x85\xe7\xd1\xaa\xf7\xc6#\x8fgU\xc0\xbf\xee\xd1*\
\x8f^\x0c`\x0c\x99\x88\x1b\xa7\xcd\x1d@\xd1\x7f\xe7\x81\
3\xea\xdf\x00=\xbf^{\xba:\x80\x97\x0f=\xad!\
\xb6\x9f\xfa\xf9\x9e\xf2\xf4\xc9\xcd\xab\x81\x7f\xbd\xfa\x804\
\xea\xc3\x00\xf7\x99;\x8e\xc8\x05\x05\x95O\x01\xadGT\
\x17\x80\x8a\xd6\xce_\xba\x8a\x03)\xb9\xfe\xeaM(\x97\
]C\x03\xfd\xf3=\xa6\xab\xd9\x1b\xf8Go\xf3\xe3\x9b\
:Y\x04\xdc;\xf7\xd5E*(8P\xf1C\x10\xdb\
\x06\xd5\xdf\xcdV\x90\xe7\xf9\xde|\x1a\xae\xe2\xdfC\xa8\
y\xc3\xaf\xafJJ\xf25\xc0\xdb\xfcR'k\x00s\
\xc8D\xf8\x83\x82\x93\xe6)\xbe\x02\xecU\xcd\xcd5>\
\xf3\xb2k~\xe3\xaej\xcd=\xcf\x8b\xf3\xb5\xa1\xa4\xab\
S'k\x80|\x8c1d\x22;^\xe3-\x80C\xf5\
w\xb3\x9e\x9b\xcd.v\xcd\x8b_4T\xa8|\xfeZ\
\x97+_+\x03n\xbc\xa9\xd0\x87\x01\x9bYC&\x06\
\x849(\xa8\x88\x829\xcfw\xa8e\x00\x1a_{\x83\
\xd5\xbcK\xed&\xd0\xf0\xc2\x9b\xaf\x19\xde\xd5\xa5z9\
\x1c\xac\x5cC\x0f\x08\x849(8\xcb_\x00\xc7a\xb5\
;@\xc5\x95\x1bAo\xe0\xde\xe7\xab\x82\xf7\xff\xe1u\
\x97\x86\x02<\xfeG\x85^\x0cX\xbb\x89\x1e\x10\x980\
#\x9c/\x03\x18\xa9\x10\xe0\xa2\xda\x1d\xa0\xf5A\xf0\x06\
z_x\xd4\xee\x00\xda\xf5\xbf\xfb\x1epE/\x020\
\x87L\x845(\xd8?\xcd_\x80\x82sjO\x01\x1b\
\x83n\x01|\xd7\x5c\xf0M@i\xa7\x86\x0b@\xbe\xeb\
\xfa\x95\x06\xbd\x08@\xcc\x12}\xc8D8\x83\x82\x93\x14\
\xaf\xd0\xad\xaaW\xfb\x12\xe8\xb9\xab\xb6\x02\x94F\xd1\x0a\
\xe0\xba\xa1#\x01\xde\x0e\x99\xa0\x1e\x0f\x8f\x0c\xdb\x1b\x05\
s\xfd\x7f\x0fZ\xd0\xbeCm\x0f\xd8\xa0\xb6\x07x\xa6\
\xb6\x07\xf8M\xd3=\x00\xa9 :2\x801d\x22|\
A\xc1)\xe5\x8a$\xd0\x97\xaa?\xa0j|\x15\xeck\
\xbc\xab\xf9\x81\xca\xb7\x80\xd6\x17\xc5\x1a\x0a\xf0\xb4\x94\xe8\
\x892\xf1\xc7\x0d\x87\xb4\x0c\x0a\xa6\xf8o\x01\xac{\xd5\
\x0f\x82\x1a\x1f\x5c\x0f\xb2\x04\x14\xbfV{\x0e\xa0\xb6\x89\
x\xaf\xfd\xff]Ow\x80\xb74\xd1\xdf!!\xa4}\
\x12\x9e\x9f\x84+\x04\xb8\x1f\xc2I\xa0\xe7i\x89\x8b]\
\xf17\xaa\xe7A\x8d\xcfJ42\xa0\xa4\xf9\x89\x87\xe8\
\x0d\xc6\x90\x890\x05\x05\x17*\x04\xf8&\x94\xa3\xe0\xd6\
\xd5\xcd\xf4g9%\xde_\xd4\x9f\x04\x93\x8a\x86g]\
Z<\x0bry\x7f\xeb\xd4_\xff\x99C&\xc2\x13\x14\
\xfcP!\xc0\x9a\x10\x04 \x15\x8d\xd7\x1e7\xe7\xbbJ\
\x14\xb8\xban<\xbf\xd2\x18\xd2\xe7\x9f\xd0>\xdfS\x5c\
\xf9\xcd\xcd]\x81\xff5\xf9\xd7_\xdf-%z\x841\
d\xa2<\x1cA\xc1\x1e\x09\xd0}\x17 w;\xaf\xfe\
\xcd\x9f\xab/\xaf]\xf1\x84x\xc7\xa5}\xbe\xc7\x5c\xed\
|\xf0\xf0\xc9\xcb\x80\xbf>y\xd8\xdaJ\xf4\x89X\xdf\
N}\xb5p\x18\xde(\xd8C\x01\xbao\x03\x9e\xff\xb0\
w\xae\xcfM\x5cg\x1c^\x0c%\xe1fC\x08$\x06\
C\x80\x98\xfb5\x814\x09!\xa1\x84\xd26#\xef\xac\
d\x81\xe9H\xac\xd7\xc3\xf4\x83,WB\x1eK\xf2\xd8\
\xael\xd9\xc2\xc6\xa0i\x8c\x81\xf8\x120\x06\xe5b\x97\
\xab1\x10\x06L\xc1\xa4\xe5N \xe5\xf6\x11R\xc2L\
\x9b? \xf9\x96\xa6\xb61\xe0\xddsV {\xaf\xe7\
\xbc\xbf\x8f\x99\x090z\x1f\x9ds\xf6\xd1\xbb\xef\xf9\x13\
\x92\xcf\x12\xe8\x08\xc2\xfd\xff\xfd\xcd_\xfe\xf1\xc9g\x98\
\xff\xfaI\x86iSp\xfdP\xb36\x8d\x82\xfd\x05\x00\
\xa22\x01\xc7\xf0\x0d\x02\x8a7\x0a\x02\x00\x86m\x10\xc0\
_2\xa1t\xa3 \x00`\xd4|z\xf7&\xbeM,\
\x0d\x00\xa0#\xde\xa2\x1b\xcd\xd8\x9f\x87\x7f\x93\x0a\x00\xd0\
A\x80\x5c\x83\x80\x92\x8d\x82\x00\x80\x91\x09\xa8=\x9f\xe9\
T\xb9Q\x10\x0004\x01\xde/\xf0\x97L(\xd7(\
\x08\x00\x18:\xb6\x0d\xd5\x16\xec\xcf\xc3\xefN\x02\x00\xa8\
\x88\xdc%\x13\x8a5\x0a\x02\x00F'`\xdd\xbd\xf6\xe3\
*6\x0a\x02\x00\x86\xcf\xba\xdb\xf8\x06\x81\xdf%\x03\x00\
\x94\x10p\x15;CB\x99FA\x00\xc0\x0c\x04\xe0g\
H(\xd2(\x08\x00\x98\x82\x80\xc3\xd8\x19\x12\xdc\x94U\
\x00\x00%\x04<\xc06\x08(\xd0(\x08\x00\x98#\x05\
\x97w6\xab\xd2(\x08\x00\x98$\x1b\xf0\x97L\x0c\xb8\
Q\x10\x000\x0d\x01\xf8K&|C\xa7\x01\x00\x94\x10\
\xb0\x1e?Cb\xde\x1b\x00\x00\x1d\x91\x9b!1\xa0\x16\
\x11\x00\xc0D\xf1\xe6\xcb\x5c21\x80YR\x00\x80\xa9\
\x08\x90\xbbdb\x16\x00@\x09\x01r3$^\x03\x00\
\xe8\x88\xdc%\x13I+\x00\x00:b/\xf8\x0fn\x86\
\x047\xee-\x00\x80\x12\x02\xd6\xedk\xbf\x83\xfbeh\
\x04\x00@GdfHp\x1f\xa5\x02\x00\x94\xe4K\xec\
%\x13\xdcd\x00\x80\x96\xac\xdb\x85i\x10\xe0\xa6/\x00\
\x00\xa8!\xe0\x87K\x18\x02F\xa6\x02\x00\xd4\x10p\x05\
C@\xd2D\x00\x80\x1e\x02:\xb3\x91g\x01\xee\xe5Q\
\x00\x00=\x04\xdc.A\xac07\x0d\x00\xa0'\x05\x17\
r\x15X\x02\x00\x00\xd3\xc6\x96\xd5\x82\x10\x904\x1f\x00\
\xa0h\x098\xdd\xeeD\x1e\x04\x00\x00z\xe2.8\xeb\
@\x5c\xc0R\x00\x80\x9el\xd8\x9e-\xfd]\x88\x1b\x04\
\x00\xd0\xb4\x09\xa0K\xc0;\x00\x00MK@\xe7F\xa7\
\xf4E\x81\x11\x00\x00=\xb1{Z\x1ef\x8b\x11\xf0M\
\x04\x00h\xb2A\xd5\xd5\x87\xc4\xef\x8esi\x00\x00E\
\xf1\x9e\x10\xfe\xeb\x1a\xd0!\x00\x000\xf7\x93`4\xf0\
?\xc9\x0a\xb0|\x14\x00@\xcf\x19\xa00\x18\xf8Yr\
\x0c\x9c\x9e\x0c\x00\xd0\x93*k\xe4~\xbb\xf87\xa1y\
\xab\x00\x00Zb\x0b\xb3l\xe4~\xb1x\x09\xe0f\x02\
\x00\xb4l\x00\xf9\x8d|\x17\x00\x92\xe7@.\x1d\x00\xa0\
\x05\x80(\x8f[\x01\xc6\x00\x00\x94l\x00e]\xf5g\
\x03\xd23\x00\xb7\x02\x00\xa0\xa3\xfe\x85\x11\xa1\x1b\x80\x9f\
%\xbf\x07\xc1\x0a@\xc9\xfa\xdf\xd6\xd0\xbd\x00\xb0~\x89\
\x07\x803\x00%\xdf\xff\xa2\xc6\x9e\xfa\xb3\xfe\x9b\xd2\xee\
\xe0\xf9\x00\x00\x05\xf5\xaf\xe8\xad?\xcb?\x94\xac\x00I\
\xef\x01\x00\xe4\xd7\xbf.\xd0[\xff\xc0\xfd\xcd\xe23\xa0\
o\xc2\xfb\x00\x00\xe9q\x9f\x08\x0a\x8f\xea\xcf\xfa\xcfK\
\x8f\x00\x8b\x16\x02\x00\x84\x97?V\xd9\xfb\xf5\xef\xce!\
)\x00\x8b\xe1\xd7@\xb2s$\xbf\xca\xfa\xb8\xfaB\xe0\
\x9e\xf4\xed\x10\xeeC\x00\x80\xec\xed?kS\x9f\xef?\
\xfa\x0c\x90\xa0\x07\x02\x00L\xa7\x7f\xfcO\xeb/DN\
fK\xdf\x0cxq*\x00@\xf2\xfe\x1f\x8e\x08O\xbf\
\xfflcG3r\x8b\xc4(\x00\x80\xdc\xf2g\x84\xd8\
\xbe\xf5g\x7f\xbc\x84\xbc\x17\xf0!\xb4\x85\x93[\xff\xa6\
(\xdf\xb7\xfcB\xeby\xe4\xe5\xc0\xe1\xf3\x01\x00Rc\
/\xdf/\xae\xbf\xff\xa7\xa3\xc8\x020~!\x00@\xea\
\xf1\xaf\xa2AT\x7f\x96=q\xd3\x81^,\x0d/\x87\
\x92Z\xff'\xf6\xb77\xd6\xf0\xe7y\xc8\x84\x88\x94U\
\x00\x00\xa1\xfb\xffS\xfb\xdb[\xff_:\x8b\xf3\xd0\xfb\
DS\x01\x00\x22\xcb/\xb2\xbf=\xf5_{}+:\
%j\xf8J\x18\x11Cd\xfd\xfb\xd8\xdfG\xe7?6\
|\xec\x10z\x91\x1c\x0c\x89\x22t\xfb\xcf*\x15\x7f\xff\
\x85`\xe1\xb1\x16\xccE\x82\xc3\xd3\x19\x00\x80\xc0\xfa\xf7\
\xb5\xbf\x8f\x9e\xff\xca\xb7?\xc4\x5c\x22\xc7\xcd\x1e\x0c\x00\
\x10\xb8\xfe\x87\xa5\xc7\xbf\xd2\xd8\xe9\x8fq\x17\x89\xa6\xf4\
\xe7\x16I\x00\xc0\xe0\xe5\x97\xda_\xd6Z\xb5c\xdff\
\xecU\xc2\xaf\xc2\xb0h\xf2\xea\xef\x89J\x8e\xff\xc2\x1a\
\xcf\x17\x96<\xecU\xd2K\x14\x00 \xf7,\x00`\xa4\
\xed_b\x7f\xbb\x8f\xffY_co\x0e\xb3$\xadd\
\x94\x00\xa0\x1e\x000P\xfd\xa5\xf6\x97\x8fT\xec\xddR\
\x83+\x7f?$0\x1e\x80\x8e\x02\xf8\xdc\x0dS\x7f\xc4\
\xfe6\xc4\x0eo\xcd\xc5\xd7\x7f\xf6Be\x00\xa8\xf7\xba\
\xe1\x937\xc8\xfe\x8f\xd8\xdf\xd6\xda\xbf\x1d\x95\xa9\xff\xf8\
dF\x11\x00\x5cgk\x01\x00c\x94\x1f\xb5\xbf\x95\xf6\
\xea\x92;\xf8\xfaO\x9f\xc3(\x04\xc0\xdf\xcb\xed\xf0\xe1\
\x1b\xa1\xfeR\xfb\xcb\xb2e\xf9\xf5\xd8K#-\x16\xdf\
\x07+\x19\xc5\x00(\xb4\xc1\xa7o\x80\xed_\xd4\xfb\xfb\
\xc8\xfe\xee9\xe7\xc8\xc1\xd7\x7f\xd8\x00n\x90G\x00\x08\
\x01\x00\x06\xa8\xbf\xd4\xfe\xee\xf6\x97o\xdf\x89\xbd:\xbc\
\xfb\xce\xc8tFA\x00Z\x9b\xe0\x10\xa0\xfb\xfa/\xb5\
\xbf\xbc\x9c\xfd\xed\xae\xff\x8c\x99\x8c\x92\x00\xf8\x0b\xe1\x10\
\xa0s\xf9Q\xfb\x1b\xf5\xe2\xedoO\x1f\xf8\x10FQ\
\x00\x02\x95\xb0\x07\xe8[\x7fOT\x90\xd8\xdfP\x0co\
\x7f{\x9e\xff\x972\xca\x02\xe0o\xcc\x87=@\xc7\x1c\
)\xc2\xd9_W\x8eL\xfd_\x1d\xcd(\x0d\x00\x1f\x86\
%@\xcf\xe3\x1fb\x7f\xdb\xe4\xec\xaf\x85Kz\xed%\
Fq\x00\x84R8\x06\xeaW\xff\x038\xfb+W\xff\
\x09c\x18Fy\x00XX\x02\xf4\x0bj\x7fw\xc8\xd9\
_\x0b7~\x0e\xa3\x0a\x00B#,\x01\xfa\x1c\xff\xb0\
\xf6w\xe3q\x99\xfa\xbf\xbc\x80Q\x07\x00\xd6\x1a\x82'\
A=\x8e\x7fh\xefoY\x91\x9c\xfd\xb5p#')\
Q\x7ff\x85\x04\x80\x9b\xfe\x1e\xed\x08\x04h\xbf\xfd\xe3\
\xec\xef\xc1\x1a\x99\xe3\xbfeV\xaa\x22\xf5g\xc6H\x00\
8\xd5\xd8\xbd\xf2l\x82M@\xfb\xe3?j\x7f\x1f\xc8\
\xda\xdf\x94\xc9\x8cBI\x97\xf4\x03l)\xedy\xf6\x88\
BE4\xde\xff\xc5\x93\x1f\xba{\x7fkw\xc9\xdb\xdf\
\xf9J\xd5\x9f\x99\xef\x13\x03\xd0\xd2\xf8\xe8\xe9\x13\x8e\x01\
F\xb6\xbf/(V\x7f\xe6\xbd\xe1\xa2?;\xf3\xda\x8f\
\x8f\x7f}\x06\x02\xb4\xb4\xbf\xbb\xa5\xf6\xd7#o\x7f_\
\x1f\xa1\x5c\xfd\x99\xb9CE\x7f\xb83\xfbj\xa4\xf7\x04\
\x02\x04h\xb6\xfd\x17=\x7f\xef\xaf\x12\xf6W\x94\x113\
\xc4\x87\x80\xbc\x7f\x07\x1e\xff3B\x19p\x12\xd4\xa4\xfe\
O\xe6\xfe\xf6\xb5\xbf\xcd\xea\xd9_Q\x06\xbf\x22y\x0c\
\xb8P\xfax3\x12*=\xa0\x045\xa8?\xd2\xfb\xdb\
\x18\xfbAU\xfb+\xce;\x92\xc7\x80S\xad\xc2\xd36\
\x84\xd56X\x04\xd4\xde\xffq\xf67[U\xfb+\xce\
,\xc9\x16\xf0\xcdO\x91>kQ\x08\x16\x01#\xd9\xdf\
\xc5\x0b\x14\xaf?3M\x0c\x80\xc5\xf5y\xe9S\x22\x05\
\xbe\xf4@\x06 \xa0\xa6\xfd\xdd\x8d\xd8\xdf\x8eL\x95\xed\
\xaf\xe41\xe0\x03\xf1\xdf\x92{P\xc4$\xcf\xb6\xd6y\
`#\xd0\xd2\xfe:d\xed\xef`\x15\xea\xcf\x8cZ.\
^\x02\x9c\x9b;\xfd\xa2M\x89\x176\xad\xc9\xf2\xd8\xec\
\x00\x81\x16\xf6w\xbb\x06\xf6W\x927%{\x80\xa3c\
\xad\xe4\x95\x04\x81\x0f\x96n;P\xe4\xc9\xb0\x99;\x06\
c\xd8\x8eN~\xa8\x8d\xd3\xfb;Q\xa5\xfa#\x87\x80\
\xbc\xa3W\x1a%]\x89]\xcb\x80\x95\x0dnj\x8dn\
\x0b\x85\xd6\x986eu\xab=n\xc3\x1ch\x12\xb4\xbf\
\xcb^P\xab\xfe\xcc\xd2\xb1\xd2%\xa0>\xcc\xb3\x98\x08\
VS\x87\xe7\xd9`C4l\x90\xc7\x1a;\xd2\xfb\xcb\
kf\x7f\xa5yW\x02\x80\xf3Vg\xd4\xca\x12\x19\xc1\
*4\x84c\x06p\xdch\xefo\xb0nu\x9c\xde\xdf\
\x85*\xd6\x9f\x99&\xfd\xfbr\xbf=\xe3\x17XB\xc3\
\x0b\xadm6\xfd\x8f\x7f8\xfb\xeb\x90\xb5\xbf\x8c\xaa\x99\
4E\xb2\x04X\x5c\xdf\xb5\xb1\xe4\xc6\xea\xd7\xfb\x05X\
\x9c\xfd=\xac\xa1\xfd\x95\xe6m)\x00\xce[\xbb\xc2V\
r\x09\xe0\x03\x15\xba\xee\x02\xba\xdb_\xf4'a\x9ft\
\x09\xb8x\xb9\x8cd\x02\xf4|\xfbI\x97\xde\xdfg\xe4\
\xb7\x1cr\x0ch\xd9\xb3\x96`\x02\xac\x95\xba\x01\x80\xb5\
\xbf\xaa\xf7\xfe>#S\x87I\x97\x00K\xcd\xa93e\
\x02\xb1'A\x81\xd5k\x13Hh\xf2\x83Z\xf6\xf7\xd9\
6\xb0\xdb\x06|\xfb}a\xc4\x0aK\x80\xfa\xf6\xf7\x81\
\xf6\xf6\x17\xc9\xfb\x13P\x02j\x0em\x8f\x95ZI]\
\x04\x02\xba\x9c\x02p\xf6w\x97\x0e\xf6\x17M\x1a\x0a\x80\
%\xf7\xe3\x93\x9f\xfe\x12$t\x11\xe0\xeb\xb4\x7f\x14\xec\
\xb6\xbf,b\x7fo\xe9`\x7f\xd1,\x5c\x86! \xb3\
\xe4\xfc\xddX\x94%\x12\x01kH\xf3\x15\xc0H\xf6\x17\
\xcd\xcc\x14\xcc?\xc2Y\xf3\xf0\xa4\xb7\xbc\x0b\x01\xf26\
\x02\xbe5\xa6\xf5\xf6\x8f\xda\xdf\xf0\xdd\x1b\x1a\xf5\xfe\xf6\
s\x13\xb0X\x5c\xdc\xb9Nol\xcd\xa6\xa0\x95'\x0b\
\x02\xa1\xd1\xa3\xbf\xfd\xbd\x1e\xc7\xfe\xbe\xa4q\xfd\x99\xd1\
\xb3\xb1\x04\xe4\xd4l<x2\xab\xa0\xbc,\xea\x0f\xb2\
V\x93\xff\x1e\xd8\xe7\xb9V\xf0k\x0b\x80\xad.\x82L\
~\x88\xd3\xfb;\x8d\xd1>\xc9S\xb0\x04Xrrs\
\xae\x9d?\xbd\xde\xbb.Vq \xbc\xd6\xbc\x09m\x8b\
n\x8a\x08O\x0e4\x11M\x01\xc0\xd9\xdf\xdb\xd9r\xc7\
\xbfEs\x18=2s\x82OFGd:|\x17o\
\xfe\xeb\xf6\x95cg*Vg\x996E\xb6/w\x14\
F\x1f?\xd6h\x09\x80\xdb\x93\x98\xfdMf\xf4\xc9\x98\
y\x16\xd9\xe49rsJ\x8a/m\xbd\xf6G\xb3f\
g\xcb\xc1\xfa{\x97\x8f\xc4*\x83\xbc\xc6\x00\xe0\xedo\
\xa6\xbe\xf6\x17\x9b\xc9I\x96\xb8\xc9\xc9\xcb4q\x5c\x0e\
\xc7\xf1\xe2S\xb7\x9b\xda\x1a\xac\x9a\x02\x80\xbb\xf5M\xf3\
\xde\xdf\xe7\xcc\x1f\x9eA\x80\xe9\xe3t\xe4m\xe9\xdc\xb1\
\xdf\xaa!\x00F\xb5\xbf\xf8\xfcz\x1eG8\x02\x16G\
{\xb5\xa7\xeb+\xa9\x15\x00\xf6\xc4&?LdtN\
\xfat\xe2\x09pf^h\xf3\xf3\xda\x00`\x9c\xde\xdf\
\xe7\x9f\x18\xb1\x9cx\x02r\x5c\xd5u\xda\x00`o2\
\xb2\xfd\x95\x9b\x18\xf0\x11G:\x02\xce\x8d\xbb\xaa\x82\x1a\
\x00p\xa4h\xbf\x15\xe9\xfd\xbd\x91\xeb4\x8a\xfd\x95I\
\xea\x1b\xe3H' \xb7\xe5\xab\x80\xfa\x00 \xb7\xbeY\
\xe3\xd9\xdfy\xda\xdb_\xf9\x0e\xa1\xd7I_\x04\x5c\xfb\
\xaaT\x07\x00?\xf7\xd7\xa1[\xefoB\x8b\xc0\xa0\xf1\
%>\xa2\x97\x80-Q\x95\x01p\xbb\xd7\xe0z\x7f]\
\xfa\xf5\xfe&\x96%icI^\x05r\xda\xaf\xd6\x82\
\xfd}\xc6;\x83iS\x08F\xa0\xf9;U\xafH\xc5\
\xd9_\x8f!\xedo\xdcW\x86\x06-N)!\x94\x01\
\xc7\x9f\xd5\xbc\x22\x15k\x7f\xcf\xc95\x7f\x0c\xd7\xd5\xfe\
\xc6\xcf\xaa\xb4e)\x1c\x89\x0b\x81kK\x93z\x8d\xe1\
\x06\x99\xfc\xa0\xd0yp\xea\xe4\x91\xe3\x87YJ\xba0\
\xf0\x11t.\xcc\xbb\x98eW\xcf\xfe\x22\xbd\xbf1#\
\xdb\xdf\xe7\x18#3$\xfd\xf7o\xce^4v\xfa\xb8\
\xa1\xc3\xcc\x9a\x17%.\xe8\x1b\xb5^\x0d\xc1\xf5\xfe\xee\
\x88c\x7f\x870fI\xea\xe8\x11\xc9\xef\xcf\x1db\xce\
\xcc\x9d#&\xc0\x99\xbd\xde\xae\x96\xfd\xe5Mg\x7fi\
\xc8\xe8\xa1\x9a\x00\x80\xda\xdf\x9e[\xdfd\x8e\xff>u\
'?@\xfa\xe4W\x9a\x00\x80\xd8_>\xb2z\xaf\x91\
z\x7f\x01\x00U\x01\xc0\xf5\xfe\xca\xdb\xdfqc\xa0,\
D\x01\x80\xb7\xbfGe\xed\xef[P\x15\xa2\x00p\xc7\
*\x91w\x90k\xcde\x7f\x01\x00E\xed\xafP\xd6\xd4\
!?\xf9a\x09\xd4\x84(\x00\xd0\xc9\x0fl<\xfb\xfb\
\xf6`(\x09Q\x00\x10e\x7f\x01\x00\x95\xed\xef\xd8\x89\
P\x0f\xa2\x00H\xd4\xfeN\x85r\x10\x05\x00\xd8_\xba\
\x01\xb0\xa1\xf6\xb7\xee\xee\xd7\x86\xef\xfd\x05\x00\xec\xaa\xd9\
\xdf\x0a\xedn}\x83\xe8\x0d\x00~\xee/\xd8_J\x00\
pc\xe7\xfe\x82\xfd\xa5\x05\x00#\xce\xfd\x85h\x07\x80\
\x0dc\x7f\x8b:t\x9e\xfb\x0b\xd1\x0c\x00\xc4\xfe\xf2\xdd\
\xbd\xbf5x\xfb\xeb\x03\xfbK\x1a\x00v\xb0\xbfT\x03\
\x00\xf6\x97j\x00\xdc\x19!\x01c\x7f3\xc1\xfe\xd2\x01\
\x00\xd8_\xba\x018\x82\xb5\xbf.\xb0\xbf\x94\x00\x80\xda\
\xdf\x80\xb1\xe6\xfeBT\x05\x00\xed\xfdm4\xcd\xe4\x07\
\x00`\xc0\x00\xe0\xed\xafy&?\x00\x00\x03\x03\xc0\x8e\
\xb7\xbfw\xa0\xf7\x97\x0e\x00l\xf9U\x82\xd4\xfe\xe6\x83\
\xfd\xa5\x06\x00d\xf2\x03\x1f\xe7\xd67\xb0\xbf\xc4\x01\x80\
\xd8_+\xd8_\x9a\x00H\xec\xd67\xb0\xbf\x84\x01\x90\
`\xef\xef+`\x7f\xc9\x02\x00\xb1\xbf\x02\xd8_\x9a\x00\
\xb0\x15\xed\xdf-\x9d\xfb\x0b\xf6\x97\x1e\x000\xbd\xbfm\
0\xf9\x81\x1e\x00\xc0\xfeR\x0d@\xa2\xf6\x17z\x7f\xc9\
\x02\xc0\x9d\xa0\xfd\x85\xde_\xb2\x00\xb0\xe3z\x7f\xeb\xc1\
\xfe\xd2\x02@b\xf6\x97\x03\xfbK\x18\x006\xb0\xbfT\
\x03\x90\x98\xfd\x9d\x01\xf6\xd7D\x00\xd8\xfaw\xeb\x1b\xd8\
_B\x008c\x03\xfbK5\x00{l\xcf\xd1\xfb\x8b\
\xb3\xbf9rs\x7fG\xc3\xa7l&\x00\xbe\xb7\x81\xfd\
\xa5\x19\x80\xe2\xbd^\xb0\xbfT\x03\xf0\x95\x17z\x7f)\
\x06 gsU<\x00\xec\x98[\xdfj\xab7\xe6A\
\xef/1\x00\x14\xff\xd5\x1e\xd7\xfe\xf2`\x7f\x09\x07\xe0\
\x9f\xf9\xee\x84&?\x1c\x84\xde_\xc2\x00\xa8\xb3\x81\xfd\
\xa5\x1a\x80*\x99\xe3\x1fL~\xa0\x04\x80`\xa1\x0d{\
\xfcC\xed\xafW\xd6\xfe\x96\x80\xfd5/\x00l+v\
\xfbo\xb5\x82\xfd\xa5\x04\x00!dG\xbe\xfee\x01\x1e\
\xb1\xbf7\xe4\xec/\xf4\xfe\x9a\x1b\x006\x18\xb6\xf5}\
\x12\xb0\xbb\x0b[y\x01\xec/=\x00\x08\xc1\x90\xe7\xff\
\xed\xdc\xdfK\x93Q\x1c\xc7qZ?\x0cie\xa5R\
Sb\x88\xa9%2\xc2\xb0\x09\x91%\x91\xc6\xe38\x9b\
D\x17\xd2Z\x97s\xcb2\x9a\x13\x1b\xf8\xb3)$D\
eH^&6\x86FW\x95\x97\xde\x84\x04\x1aJ?\
\xae\x83\xee\xfa#\x826L\xf0y\xdcY\xdb\xe5\xbe{\
\xbf\xaev}\xbe\xdf\xe7y\xce\xf9\x9c\xb3\xb3\xdd\x02!\
_\xd7\xe0d\xd4\xeb!\xfd-\xa2\x06H\xb5\xc0\xf0\xec\
\x83\x90\xcf\xe7\x0b\xf5\xdd\x1cY\xf2\xf8\xad\x7f\xfd\x22\xfd\
\x95\xde\x00\x1e\x7f\xe0U2\xfe\x22>9\xe5\xf1Z\xcb\
\xbfu\xf67\xcc\xd9_!\x0dPa\xd9\x0c\xfa\xb4=\
\xcd\xf3\xa6\x05\xac\xd5\xdfJ\x7f\x7fh\xd3\xdf\xfd\x0ci\
aq\x9d\xd64\x80F\xb6\xf4W\x956\xd8\x19\xd1\x02\
SV\xd7\x9f\xe9\x13\xa0\xe3\x8d\x8c\xfd\x22\xfd\x95\xc4\xde\
\xa6L\x0d\xf0\xed\xe7D\xb6\xfas\xf6W\x9a\x93\xe5\xca\
\x5c\xc6?\x91,\xf5\xcfr\xf67v\xb1\x84\xd1,D\
\xad\xe6\x06\xe8y3\xac+?\xe9\xafH\xed1s\x03\
l\xcc\xe9\xea\x1f\x9d\xbdA\xfa+\xcf9\xf3\x1b \xbc\
>\x15\xc8<\xfd\x1f \xfd\x15\xa9\xbe\xd4\x9c\x04=^\
\x1b\xc8\xf8\xf9\x9f\x9b\xff\xadO\x7fk\x18\xc7\x82u\xde\
aX&\x01\xd3\x19^\x01\xde\xe4\xcb\xef\xb75\xd3\xff\
\x187?HZ\x06|x\xf61\xba{\xfa\xc7\xbd\xbf\
r]6\xcf\x02\x8d\xe0\xc2\x88u\xf3ob\xd4\xb7\xda\
M\xfa+T\x93y\x12`\x84?\xbf\x8e\xef\xec\x00\xbf\
?9?\xb4\x12\xd4\xa6\xbf\x9c\xfd-p.\xa7\xb2\xcc\
\x026\xfa\xe2\x9e\x7f\xdb@\x01o`\xf8\xed\xad\x99M\
]\xfaw\x90\xf4\xb7\xf0\x9d\xb04\x80\x11\x5c\xbd7\xb8\
\x14Mo\x06F#\xd3\x83\x0f\xfb\x16\xbfp\xf6W\xb2\
\xb36K]\xeft\xaf\x8c'\xc6f\x97\x97G\xc7\x9f\
'\xba\xd66\xc3\xba\xf4\x8f\xf4W\xc6:\xa0\xd9\xfa\x0a\
0z\xd7\x17\xdf\xdfO$\x12C3\x0bO\x94\xe6\xf1\
7\x94\x9b\xf4W\x86\x9a\xdd\xc5\xed\x0e>\xdd\xbc\xbb\xf2\
\xf5\xdd\xa3`\xaf&\xfc\xe5\xe6\x079\xf6\x96\xab\xdd\xf5\
\x0d\xf7\xa4\xe8.}N\xa7\xbf\x1d\xa4\xbfbT\xd9\x8c\
<\x91\xfe\xcarH\xe5W\x7f\xd2_a\x0e\x1f\xef\xcf\
\xeb\xf9'\xfd\x157\x0f\xcc\xe7#@\xfa+\xd0\x85\x9c\
?\x02\xcaF\xfa+q%\x90\xeb4@9\xae0Z\
\x12\xb9\xdc9u\x80j\xe6\x9f\xffR;\xe0\xfa\xff;\
@\x1dip1RR\x95\xb5\x1b\xd9[@\xa9fV\
\x7f\xa2\xb58T\xb6\xf2;;\xcb\x18#\xd9\x1a\xdd\xba\
\x97\x80Ru\xd5\xec\xfd\xc8w\xac\xe6\x9aR\x19\xaao\
\xb4uP\xfe\xe2`\xafuW\xa8\x1dM\x90\xfe\xed\xbc\
Z\xc5\xcb\xbf\x88\xec\xebl\xad\xbcd\xc4R\x94q\xa0\
\xf2Lu\x13W\xbe\x16\xdf\x9a\xb0\xa4\xe9h\xcb\xa9=\
\xb5\xf5\x8d\xa4\xbe\x00\x00\x00\x00\x00\x00\x00\x00\x00\x00\x00\
\x00\x00\x00\x00\x00\x00\x00\x00\x00\x00\x00\x00\x00\x00\x00\x00\
\x00\x00\x00\x00\x00\x00\x00\x00\x00\x00\x00\x00\x00\x00\x00\x00\
\x00\x00\x00r\xf3\x17LS\xfa\xb3t\x0a\x1c\x8c\x00\x00\
\x00\x00IEND\xaeB`\x82\
\x00\x00!\x1f\
\x89\
PNG\x0d\x0a\x1a\x0a\x00\x00\x00\x0dIHDR\x00\
\x00\x02\x00\x00\x00\x02\x00\x08\x03\x00\x00\x00\xc3\xa6$\xc8\
\x00\x00\x00\x09pHYs\x00\x00\x0e\xc4\x00\x00\x0e\xc4\
\x01\x95+\x0e\x1b\x00\x00\x03\x00PLTEGpL\
\x00\x00\x0c\x00\x1f*\x07(1\x0f\x1f \x08(0\x08\
(2\x07'0\x06'/\x07)1\x07'0\x06\x18\
%\x09'1\x07'/\x04\x22/\x09(1\x05%-\
\x03\x22\x22\x09'1\x08(1\x07(0\x0c\x1c#\x07\
&/\x0a\x1b%\x07'0\x02\x1a\x22\x07'1\x08(\
1\x08(0\x08(1\x05%/\x02#+\x08(1\
\x00\x1c-\x03%+\x06'0\x08)0\x00\x1b+\x05\
&/\x04&.\x08(1\x03#+\x05&0\x05#\
.\x07%0\x07'1\x06%/\x06&.\x07(0\
\x07'0\x07'/\x04&.\x07(0\x09(2\x05\
$/\x05&/\x07'/\x00\x1f%\x07(1\x08'\
0\x08(2\x09'1\x06'1\x06%0\x03'/\
\x07'0\x07(0\x08&/\x07'1\x06&0\x06\
&/\x06'0\x06&/\x07+1.\xbb\xf4\x0a)\
2)\xa6\xcc\xdc\xf1\xfd\x0a+4\x08%-.\xbc\xf6\
)\xa5\xca.\xbc\xf5\x0a+5\x10H\x5c-\xb1\xe1-\
\xb2\xe1.\xb6\xee.\xb6\xed\x10H^\x0a(0\x09$\
+)\xa5\xcb\x0a(1)\xa6\xcb0\xbf\xf9\x0d6D\
\xe2\xf4\xfd\xde\xf2\xfd%\xb9\xf4,\xb4\xeb\x86\xd3\xf8$\
\xb8\xf3}\xd1\xf7.\xbb\xf5\x09\x22)\x09'/'\x9f\
\xd00\xbf\xfa.\xbb\xf3.\xbe\xf8)\xa8\xcd\x09)4\
\x08%,*\xaa\xd20\xbe\xf8)\xa9\xd2)\xa8\xce\xdd\
\xf2\xfd\x0c4@,\xbb\xf4.\xb8\xef)\xba\xf4*\xab\
\xd6)\xa8\xcf\x09\x22+.\xb6\xeb*\xab\xd8,\xb5\xe9\
)\xa6\xcd-\xb9\xf2*\xaf\xde+\xae\xdc+\xb4\xe5+\
\xa9\xcf\xe1\xf3\xfd,\xb3\xe4\x0c.9.\xba\xf2'\xb9\
\xf4+\xb1\xe1\x08%/-\xb7\xed*\xa9\xd1\x1e~\xa0\
+\xae\xdb\x0fBT\x0e=M\x22\x8a\xb3-\xb9\xf00\
\xbe\xf7\x0b1=*\xac\xe1*\xad\xda-\xb6\xec\x0a,\
6\x10EX/\xc0\xfb\x1dz\x9e!\x85\xac\x13Oe\
\x16a|\x18g\x84\x1cw\x9a+\xad\xd8\xd7\xf0\xfd\x1a\
o\x8e,\xb5\xe7\x0d9H\x19k\x8b+\xb0\xde\x13S\
i+\xb1\xe7\x11Lb\x19i\x88\x16\x5cv\x0c7F\
,\xb4\xea%\x98\xc5)\xa6\xca*\xab\xd4(\xa0\xc6\x1b\
q\x91\x14Pg\x1f\x82\xa9\x0f?P(\xa3\xd4\xdb\xf1\
\xfd\x1f\x81\xa4'\x9f\xc5\x15Ys\x13Tk\x1ct\x96\
 \x87\xb0$\x95\xc1.\xbb\xf6&\x9e\xce\x22\x8c\xb7\x22\
\x8e\xae(\xa6\xd7+\xaf\xe5,\xb2\xe9)\xa7\xda*\xaa\
\xde'\xa2\xd2\x15Xp0\xbd\xf6&\x9b\xcb%\x97\xbf\
)\xa8\xdc\x0b/;\x16^y\x18d\x80\xd2\xee\xfc<\
\xbe\xf5\xc9\xeb\xfc\x11J_o\xcd\xf7Z\xc7\xf6$\xb8\
\xf4\x22\x8f\xba\x22\x91\xbd*\xae\xe3\x14Vn%\x99\xc6\
\x0d:Jz\xd0\xf7G\xc1\xf5\x8d\xd7\xf9O\xc3\xf6\x22\
\x90\xb2g\xca\xf6c\xc9\xf6\x22\xb8\xf4\xa2\xdd\xfa\x1cx\
\x94\xc0\xe8\xfb!\x8c\xb1&\x9a\xc9\xab\xe0\xfaU\xc5\xf6\
$\x95\xb9\x81\xd2\xf7'\xa0\xcb$\x92\xbfu\xce\xf73\
\xbd\xf4a\xc8\xf6\x96\xd9\xf9\xb0\xe2\xfa&\x9b\xc0.\xbd\
\xf6\xb5\xe3\xfa\xb3\xe3\xfaC\xc0\xf5\x82\xd2\xf8\x8a\xec\x19\
H\x00\x00\x00JtRNS\x00\x01\x05\xdb\x0f\xc4\xf6\
\xaf}\xf0\x97\x0c\xfd\x87.\xe7=\x07\xd0\xf9\xa6\x12Z\
\x14\xbe\x09\xeb\xe1\xba\xe5g%\xfa\x1a\x22\x9c\xee\x1ej\
:\xcd*w6I\xadLA\xf3\xa1WS\xd4\xfc2\
^\x90\x18\xb4\xc9\xc3\xb7uEO\xa9\x83b\xd8{p\
\x8c\x7f\xef\x81\xa29\xc9\x00\x00\x1doIDATx\
\xda\xec\x9dilSW\x1e\xc5\x9b\x00a\x1a\x96RB\
J\xd8\xb7\xb2\xa6\x90\xb0C)e+\xdb}\xca\x8b\xe5\
 \xd1\xb1e\x99\x84Rpx\xa0D\x96Bb)_\
\xe6\x8b\x05\x11\x15\xa2\x90  \xac\x0a\x02\xb1\x95\xf9\x00\
\xe9\xa4\x02\x8a@\x04\xe8\x10\x85\xb2LX\xdaa\x13\x05\
\xa1\x82\x10\xab\xdcv&03\x9d\xc6\xfe?\xdbq\xde\
v\xaf\xcf\xef\x132z\x92u\xcf\xf1}\xf7\xdd\xf3r\
\xcf[o\x01\x00\x00\x00\x00\x00\x00\x00\x00\x00\x00\x00\x00\
\x00\x00\x00\x00\x00\x00\x00\x00\x00\x00\x00\x00\x00\x00\x00\x00\
\x00\x00\x00\x00\x00\x00\x00\x00\x00\x00\x00\x00\x00\x00\x00\x00\
\x00\x00\x00\x00\x00\x00\x00\x00\x00\x00\x00\x00\x00\x00\x00\x00\
\x00\x00\x00\x00\x00\x00\x00\x00\x00\x00\x00\x00\x00\x00\x00\x00\
\x00\x00\x00\x00\x10\x8en\x03;\x0e\xee\xd4)}h\xbf\
D\x8cE\xdc\xd1\x7fj\x87\xc9cze\xa6\xb4\x1f\x9b\
2\xb7\xc7\x98\xe1\x1fg\xa4bL\xe2\x87>\x83zv\
\x97\x1b)\x90\xde\xf0\xfa\x9fR\xab\xe4\x0cL\x04qA\
\xe2\x94.\xdd\x7f\xd7\xfe\xff\xc8\xf2\xd8\xb4\xd1\xb0\x80\xf8\
\xf2OMk/K4\xb2<9\x1d#$6\x9d&\
\xbb\xd4\xe4\x7fc\x81\xcc\x99\xefb\x90\xc4\xa5_rR\
8\xf9\xdfX`\xf8D\x8c\x93\xa8\x8cj\x15I\xfeF\
r&\xf5\xc7H\x09I\xd7\xe4\xb1Q\xe8\xdf8\x07\x0c\
\xe9\x87\xc1\x12\x90\xf4IQ\xc9\xff\xda\x01i\xad1\x5c\
\xe2M\xff\xdd\xa3\xd5\xbf\xd1\x01\x03\x120`\x821#\
)z\xfd%\xc95\x1e#&\x16\x83\xfa\x164C\x7f\
\xa9\xa0\xd7@\x8c\x99H\x0ck/5\x0f9\x19\x83&\
\x0e\x09\xd3\x0b\xa4\xe6\x929\x0e\xe3&\x0a\x89\x13\xd4o\
\xff\x8eB\xa73\xdbEM\x01#1p\x82\xd0m\x80\
\x8a\xfe.\xa7\xd3\xb1{\xff\xb1#ks<\x8e\xd0\xff\
}\xbb\x0f\x86N\x08\xdau\xa1\xf5wx6m\xdbY\
\xb7\xe1\xd3U\xeb\xcf,=\xbc\xc0\x19:\x05\xcc\xc1\xd8\
\x89@\xea\x872-\xffW{\x96\xae\xaf\xf4\x9e\xb7\xd9\
\xed\x01\xafr\xfa\x983t?\x10\xd1\xb0\x00LL\xa3\
\xf4wy\x16\x1c?\xe7\xf6\xda\xd9\xffp\x7f\xb1=\xc4\
\x01)H\x86\xf9g \xb9\xfd\xbbZ\xbaxV)g\
\x7f\xa4|\xe3\xde`\x07\xc831~\xbc\xd3g\x08\xa5\
\xbf\xf3\xcb\xa7\x01/\x0b\xc2{zE\xd0JP\x9e\x8c\
\xfd`\xce\xe98\x86\xd4\x7f\xed\xdf*\x97\xb0\x10\x94-\
\x9e\xe0\xdd@DB|\x93N\xa6\xff\x9e\xcdg\xdd\x8c\
 \xf0\xc3n\x07\x16\x01\x22\x91\xd1\x8b\xfc\xfd\xef\xdf@\
\xea\xcf\xd8\xf2]AS\x804\x03\x83\xc81\x1f\x90\xf1\
\xafgo\xad\x97\xd6\x9f\xb9\x7f.h\xba%\x98\xd3\x01\
\xa3\xc8/S\xe7\x92\xfa\x1f=\xa3\xa6?\xb3\x1d\xfa\xda\
\x81\xdd`Q\x18O\xc5\xff\xae\xd2\x83\x1bU\xf5gK\
\xec\xdb\x9b\xde\x03\xe4\x9ex\x0c\xe0\x152\xfewyv\
\x94\x943u*\xd7x\xb0\x17(\x06\x1f\x8f%\xb3\x9f\
=\xab\x02a\xf4g\xca\xf5\xfc&\x8b\x00\xb9U7\x0c\
%\x8f$\xcc!\xb7\x7f\x0b\x8f\xb3\xb0\xfa3\xef\xc9M\
\xae\xa6\x1b\x01\xed0\x98\x1c\x92\xd8\x81\xd2\xdf\xe1\xd8r\
\xde\x16V\x7fV~\xb6\xa2\xe9c@w\xec\x04qH\
\xb7dR\x7f\xe9\x9b?d?4\x81\xda\xa0\xdd\xe0\xf7\
a\x00\xfeh7\x92\xd2?\x7f\xd3Vw$\xfd\x99\xed\
\xcc\x82\xa6\x06\x98\x0b\x03pG\xeb\xe1\xa4\xfe\x17N)\
\x11\xf5g\xf6\xcf`\x00\xde\xe9:\x99\xd2?\xbb\xe2\x86\
\xb2\x84\xc1\x00\xe2\xd3\xef#J\xff\xc2\x05\x7fU\x18\x83\
\x01\xc4\xa7?\xf9\xfaG\xe1\xcd\xbaJ\x06\x03\xc4\x01C\
\xe9\xf8\xff\xeb\xef\xa2\xfa\xfd\xc3\x00\xbc3\x8e\x8c\xff\x9d\
\x9bOG\xa9?\x0c\xc07\x83{\x90\xf1\xdf?\xce\xb9\
\x19\x0c\x10\x07Ly\x87\xd4\x7f\xdb\x0fQ\xeb\x0f\x03\xf0\
\xcc\xd4\xf7I\xfd\x7f\xdc\xe7e0@\x1c\xf0^&\xa9\
\xff\xc1C\xcd\xd0\x1f\x06\xe0\x97\xde)d\xfc\x7fq~\
9\x83\x01\xe2\x80Yt\xfc\x7f`\xd5r\x06\x03\xc4\x01\
\x7f* \xe3\xff\xc3\xcb\x02\x0c\x06\x10\x1f\x95\xf8\x7f\xf5\
N\x9b\x8d\xc1\x00\xe2\xf3.y\xfa\x83\xc3\xb5\xa6\xbc\xb9\
\xfa\xc3\x00<B\x9f\xfe\x90\x9fS\x1d9\xfe\x87\x01\x04\
\xa0\xdd4R\xff\x95\xeb\x94\xe6\xeb\x0f\x03\xf0\x07}\xfa\
Cv\xc5\xf5h\xe2\x7f\x18\x80{\xe8\xd3\x1f\xb2\x17\x9c\
\xa8d\x0c\x06\x10\x1f\xfa\xf4\x87\xc2\xdd?+\x0c\x06\x88\
\x03\xfat\xa6O\x7fX\x1a\xa3\xfe0\x00_t\xfc\x84\
>\xfd\xe1t\xac\xfa\xc3\x00\x5c\x91N\xc7\xff\xf3\xeac\
\xd6\x1f\x06\xe0\x09\xfa\xf4\x07\x8f\xea\xe9\x0f0\x80X\xa8\
\x9c\xfep\xac\xb6\x05\xfa\xc3\x00\xfc0\xeam\xfa\xf4\x87\
f\xc5\xff0\x00\xb7\xccH\xa2\xf2?\xe7\xf6/Z\xa4\
?\x0c\xc0\x0b\x83\xfaJ\xcd?\xfd\x01\x06\x10\x06\xb2\xfc\
\xc1U\xb8kU\x80\xc1\x00\xe2\x930\x9d<\xfd!\xfb\
\xb8\xdd\xc6`\x00\xf1I\x9c\x1d\xe3\xe9\x0f0\x80\x10\xd0\
\xf1\xbfC\xae\xf6\xda\x19\x0c >t\xf9C\xfe\xa6o\
\x15\x0d\xf4\x87\x01,O\xeap:\xfe?\xa5\x89\xfe0\
\x80\xd5\x99\xd8\x93\xd4\x7f\xc5\xd3\x98^\xff\x80\x01xc\
`\x1b2\xfe\xff\xea\x9f\x0ac0\x80\xf8\xa8\x95?\x9c\
\xd4J\x7f\x18\xc0\xd2\xa8\x96?h\xa6?\x0c`e\xd2\
UN\x7f8\xebf0@\x1c\xd0I\x87\xf8\x1f\x06\xe0\
\x07\xd5\xf2\x07-\xf5\x87\x01,\xcbh\xba\xfc\xe1\xefg\
\xbc\x0c\x06\x88\x03\xc6gR\xf1\xbf\xe7\xfb\x8d\xda\xea\x0f\
\x03X\x94A)d\xfc\x7f\xb1d9\x83\x01\xe2\x80\x8f\
\xdb\xc7R\xfe\x00\x03\x08B\xc2\x9c\x02:\xfeg\x9a\xeb\
\x0f\x03X\x10\x95\xf8?\x7fK\xc0\xc6`\x00\xf1Q-\
\x7f(\xb73\x18@|ZP\xfe\x00\x03\x08\x80Z\xf9\
\xc3:E\x17\xfda\x00\x8b\xd1\xa2\xf2\x07\x18\x80{Z\
V\xfe\x00\x03\xf0\x0e]\xfe\xe0\xbcY\xa7\x9b\xfe0\x80\
\x95hi\xf9\x03\x0c\xc07-.\x7f\x80\x01\xb8\xa6\xe5\
\xe5\x0f0\x00\xcfhP\xfe\x00\x03p\x8c\x16\xe5\x0f0\
\x00\xbf\xa8\x95?|\xa6\xb3\xfe0\x805 \xcb\x1f\xa4\
\xe6\x96?\xc0\x00\xbc\xa2V\xfe\xb0>\xc0`\x808`\
\xa6K\x9b\xf2\x07\x18\x80KT\xca\x1f\xf2w\xda\x0d\xd0\
\x1f\x060\x1d\xd5\xf2\x87\xe56\x06\x03\x88O;\x95\xf2\
\x87\xad^;3\xc5\x00}?l\xcb'\xd3\xba\x0c\x98\
=l\xc6\x88\x8e\xad\x13x\xd2\xbf\xf54c\xe3\xff\xc8\
\x06\x90d~\xc9\xc9\x91\xa5\xcc^m&\x8c\x1f\x9a\xc8\
\x89\xfe]5-\x7f\x88\xc9\x00\x1bw;$\xa1(h\
tBf\xe7\x0e\x19\xed8\xd0\x9f.\x7f(\x5cpB\
aFa\x9f\xbf6_\x12\x0f9g\xec'\xd3\xc7Y\
]\x7f\xba\xfc\xc1\x19s\xf9CL\x06X\xbf\xb7P\x12\
\x12YNj;\xc2\xd2\xb7\x82>c4.\x7f\x88\x85\
%\x81\x03\x1eITdW\xdaT\xebZ@\xfb\xf2\x87\
\x98\xa8\xdc*\xae\x01\x1a- M\xeedQ\xfd\xe9\xf8\
\xdf9\xaf\xdem\xa8\xfe\xac\xfc\xf4J\x97$\xb2\x05R\
\x92\xfbYQ\xff\x0c\x95\xf8\x7f\x83\xc1\xfa3\xfb\xaac\
NIh\xe4V\xa3\xad\xa7\xff\x08\xf2\xf4\x87\xd2c\xb5\
^f4\xca)\xc1\x0d \xc9\xed\x93S-\xa6\xbf>\
\xe5\x0f1N\x01%\xdbDw\x80$\x7f4\xd4R\xfa\
\xd3\xe5\x0f\x9e\xed\xfa\xc7\xff\x14\xee\xba\x95\x0e\xe1\x1d\xd0\
c\x8a\x85\xf4\xa7\xcb\x1fJ\x0fh~\xfaC\xb4\x0e\xa8\
.t\x09\xef\x80\xcc\xf1\x96\xd1\x7f\x18\x19\xff;w\xad\
\x0a\x98\xa3?\xb3\x07vf\x0b?\x07H}\x07YC\
\xfe\x84\xe9\xd4\xb7sd\x1f\xb7\x9b\xa5?c\xb6@u\
\x85Gx\x07\x8c\xb5\x84\x03\x12\xe9\xf8\xdf\xb1&`c\
\xe6aw\x9f<\xe6\xf0\x88>\x0b\xa4X\xe0.@\x97\
?\xe4\xcb\xd5n;3\x15\xef_n\x1c]\x91\xef\xf1\
8\x0b\xb3y%\xdf\xe1\x8a\xb0\x94\xc9\xfc\xc0\xf4\xf8_\
\xad\xfc\xc1l\xfd_O\x02\xf6s\xa7\x0e\x7f\x7fd\xff\
\x9f9e\xf3\xda\xdd\x17\xe4l\x8f3\x8c\x09\xe4^\x1d\
\xcd\xd5?\xb5-\xa9\xbf\x81\xf1\x7f\xf8\xb5\xa0Ri+\
\x99\xff)\xa7l<\xb4\xef\x5c\xdd\xd6=\xdb*\x0a=\
\xaa\x1e\x90'\x99\xba#\xa4V\xfep\xc2\x12\xfa\xff\xc7\
\x04v\x1b\xbf\x04\xce{\x15\xa5\xa4~\xeb\xd1\x0a\x8f\xda\
;\x0er\xb2\x99\xf1?Y\xfe\xe0\xd4\xae\xfc\x01\xbc\xb6\
\xf0\xf9J\xfb\xd9\xe3_\x96\xaaX\xa0\xfd(\xd3\xf4\xef\
\xaf{\xf9\x03\xf8\xaf\x07\xca\x95\xda-7\xe9\x1b\x81\xdc\
c\xa0I\xfa\x0f\xd5\xbf\xfc\x01\xfcN@\xd9p \x87\
|\xd5I\x1e`\x8e\xfe\xaa\xe5\x0f\xd0_\xa7\xf7\x1c\xbc\
'\xd6\x96\x92\xbb\x01\x19f\xe8O\x97?8\xf7\x1b\x1e\
\xff\xc7\x0fK\x94\xda\xed\xd43\xa1\x9c\xd6\xcdx\xfdU\
\xca\x1f\x8e\xd4B\x7f='\x81e\xc7\x1d\xd4\xee\xa6\xf1\
\xeb@\x83\xca\x1f@p\xc6\xe1\xad\x96\x1d\xc4f\x80\xd1\
S\x80j\xf9\xc3rh\xa4\xf3\xf3\x80\xb2\xb5\x80\x98\x03\
\x0c~EL\xa5\xfcaG\x09\xf47\xc0\x01\xdf\xe4\x87\
\xac\x03\xe4\x9e\x86\xbe+n\x5c\xf9\x03 \x1c\xb0|W\
h\xd0\x9d\x94n`\xfc?\x87z\x14\xd1\xa7\xfc\x01P\
;\x02%?\x86\xbc\xf2(O0.\xfeW-\x7f\x80\
\xfe\x06\xe1\xad\xdf\xbd:\xe4Eq\xa32!\xd5\xf2\x07\
\xaf\x0d\xca\x18\x85\xb2.t\x19`\xd0\x8b\x01\x06\x97?\
\x00\xfaap\xd9\xd1RsB\xc1T\xd5\xf2\x87%\xbc\
\x0c\x9e\xef\xda\xfd\xcf\x83\xb8\x7f\xcdW\x16\xf2a\xec\xdc\
/+\x8e\xfa\xdb\x14\x87~\x9b\xcf\xaf\xf9\x22^\xef^\
\x1a\xfc\xd7o\xf2\x18#N\x0f\x98H\x97?\xac\xb8Q\
\xc9\x8b\xfe>\xf6x\xf1\xa2\x10n]\xbd\xf7\xafE\x9a\
\xf1\xe4\xa7\xe7QZ\xc0\xe7\xbb\xfd\x8c\xb8\xfe\xc5\xf3\xb2\
H\x9b\xc2\xde\x1d\xc1O\x02I\x06\x9c\x1d`|\xf9\x83\
\xd6\x94]}U\xe5\xcf\x0d\xc1_U\x93\xab!5\x0f\
\x9f\x15G\xe3\x80\xb2\xdb\x0f.\xe5\x91\xd77D\x9a\x04\
\xbc\xdf]\x08\x9e\x02z\x9b\x15\xff\xebY\xfe\xa0\xf5\xef\
\xffV\x95?\xcb\x00\xf2\xf2^>/\x8e\xc2\x8dWr\
\x8b\xc8\xeb\xfdY/Y\xf8\xeb\xed\xb6\x83A\x8f\x82\xf2\
H\x93\xe2\x7f]\xcb\x1f4\xfe\xfd7\xd4\xe4e\x19C\
\xeeK_D7\xde\xbd\xa2\xeeF\xff\x9d\x08\xd7\xbbo\
\x04=\x09\xcaCt\xde\x0c4\xa5\xfcAS\x8a\x7f\xbb\
b\x94\xfeYE5?E\xb8\x8f\x17\x17?\xca\x0ds\
}\xd5\xd5\xf0\x0e8\xbfomv\xd0\xfb\xc1\xfa\xbe\x18\
D\x9f\xfeP\xaas\xf9\x83\xa6,\x5c\xe4\xcf2\x0c\xff\
\xab\x08\xf7\x00\xdf\xd5\x9a\xb0S\xc8\x83\x08S\x80\x12|\
\x10N\xdf\xc1z\xeaoR\xf9\x83\xa6\x13\x00\xfb\xc5@\
\x03\x14]\xba\x1d\xde\x01\xd7\xee\x84\xfd6yW.\x87\
\xbf\xde}=x\x11\xa0g\x22hV\xf9\x83\xa6\x06\xb8\
l\xdc\x1d\xa0\x91H\xf7\x80\xb2G\xfe\xf0\x06z\x1c~\
\x0a(\xaf_\xd14\x16\x96g\xe9\xa7\xff{t\xfc\xaf\
\x7f\xf9\x83\xb6\x06\xb8Td\xa0\x01\x8a\x1a\x16\x86_\x02\
\xfc\x1a\xde\x00\x91\x16\x01\xb6\xf9\xfb\x9b\xbe\x22*\xcf\xd6\
M\xff\xdeId\xfc\x7fq>W\xf1\x7f\xe3\x0cPd\
\xa1\x19`a\xa4\x19\xe0n\xa4E\xc0v\x8fA\xcf\x81\
\xb3\xc8\xd3\x1f\x0c)\x7f\xd0v\x0d\xf0\xabHk\x00\xa6\
\xecl\xba\x08\x90\xdb\xea\xa4\xffL2\xfew\x1e\xe6.\
\xfe\xbf\xf6\xc4@\x03\xe4>\x8a\xf0\x03\xf6=\xae\x0a7\
!\xf9#=\x050\xe5\xdb \x03\xf4\xd4\xe7\xf5\x8f\x0e\
\xe4\xe9\x0f\xf9;m\xdc\xc5\xff\xc5\x97\x1f\x1a\xe6\x80\x88\
\xb7\xf0\xc6E\xc0\x830\xfb\x00y\x91\xd6\x80\x8d\x8f\x01\
O\x83\xd6\x00i\x06\x9e\xfe`T\xf9\x83\xc6;\x81\xf7\
\xaa\x0cz\x0e(\xca\x8b\xb4\x93\xd78\x05\xfc\xa6\xee\xc7\
\xa2\xbc'\x91\xf2 \xe6\xae\x0b2@\x1b\xe3N\x7f\xc8\
\xa9\xf6r\x19\xff\x975\x5c\xf2\x1b\xb1\x10\xf4\xd7\xdc\x89\
\x22\x0d\xf2\xdd}\xe8\xa7\x0d\xe9\xafZ\x14E$|2\
[w\x03\xa8\x9c\xfe\xb0\xd2\xb0\xf2\x07\xcd7\x03\xef>\
\xb8\xd4\xf8\xf3\x0a\xa2\xa8\xa6\xaa*\xf4\xd3X)\xca\xaa\
\xfa\xe5\x9e/\x9a4\xd0w\xf9\xce\x95\x9a\x22\xe2\xfaW\
/\xa2\xb8\xde\xbdTw\x03\x98_\xfe\xa0}\x1e\xe8\xbb\
}\xef\xd6\xe2 n\xdd\xbb\xfd\xb8a\xb1V\xdcj\xb8\
\xcb\xca\xa2\x5c\x95\x94]~\xf1,\xd6\xeb\xf57\x80j\
\xf9C%\xe3\x98\xe2\xb2\x85!\xf8\x8a}\xc4\xa7\xb1R\
\xe6k\xc6\x1bA\xbe\x98\xaf\xd7\xdd\x00t\xf9C\xa1\xa1\
\xe5\x0f\xc0<\x03\xf4\xe9l\x81\xf2\x07`\x9a\x01,R\
\xfe\x00L2@:\x1d\xff\xcf\xab\x87\xfeqa\x80\x0c\
\xf2\xf4\x87R\x9c\xfe\x10'\x06\xa0\xcb\x1f<{k\xf1\
\xd7\xffqa\x80Q\xfff\xef\xdc\x9e\x9b\xb8\xee8~\
l\x03\x0d7\x87\xab\xb9\x85\x9b\xb98@\x0a4Lh\
H\xa0\x04Hi\x89vVZ\x19\xf0\x8c\xf6R\x1ex\
\x90\xd4\xba\xb6\x84=\x8cG\xf2E\xc8\xd6\x18\x8d@\xb6\
\xb1\x03\x98\xc4`\xe2\xb1\xc1\x10\xcc\x80\xc1$\xc3%\x0d\
P\xd2P\x08%}\xe0\xa1-\xe1\x85\x97L:\xc3\xa4\
O\xc9KeS\x07\xb4g\x0f\x83\xcb^\x8e\xce\xfe\xbe\
\x7f\xc2\x9e\xcf\x9es~\x9f=\xfb;#K\xa9\xb9\xfc\
\x01b>\x00\x1b\xb4>\xff;|\xed{\xe1\xef\x7f[\
\x00@\xb8\xfc\x01\xba?\xd8\x04\x00\xea.\x7f\x80\x98\x09\
\x00\x8d\x97?@\xcc\x03\x80\xd0\xfd\xc1\x03\xdd\x1f\xec\x01\
\x80v\xf7\x07?\x7f\x01\xba?\xd8\x02\x00R\xf7\x87?\
A\xf7\x07[\x00\xa0\xdd\xfd\xc1y\xf7z\xe6~\xfe\x07\
\x00\x86\xf2\xf9\x9fp\xf9\xc3\x7f@\xff\xdb\x02\x80|\xcd\
\xcb\x1f\x02p\xf9\x83M\x00 |\xfe\x85\xcb\x1fl\x02\
\xc0\xca\x19\xda\xdd\x1f\xe0\xf2\x07{\x00\x90\xab9\xfe>\
\xb8\xfc\xc1&\x00\xe4k\xce\xff\xbeL\xea\xfe\x00\x00\xbc\
\x00\x00\x93W\x13.\x7f\x80\xcf\xbf\xb6\x00 \xfb\x17p\
\xf9\x83\xad\x01\xd8\xc8\xc3\xe5\x0fv\x06\xa0`$\xaf\xd5\
\xfd\x01>\xff\xdb\x04\x80a\x1a\xff\x7f\xc8\xe2\xf1]\xf0\
\xf9\xcf&\x00\xac\xc7\xc7\xdf\x138\x0f\x97?\xd8\x05\x80\
\x95\xf8\x02\xe0\xf1\xb4\xdd\x86\xf1\xb7\x09\x00\xd9\xf8\x0f\xc0\
\xb2\x0c\x97?\xd8\x07\x80\xa5o\xe0\x97\xff\xb4\xed\x80\xcf\
\xffv\x01`\x1a\xfe\x09\xb0\xf2\xb8\x0b\xc6\xdf6\x00\xbc\
\x83\x7f\xff9Q\x04\xeb\xbfm\x00\xc8\xc6\xce\x80\xf8\xb7\
\xdd\x00\xffo\x1f\x00\x0a\xb0\x1b@\x03\x17>\x84Gk\
\x1f\x00\xb0C\xc0\xe2\x91\x0a(\x00\xec\x03\xc0*\xf5)\
\x00Y\xfe\x1c\x0e\x00\xd8\x08\x80\xd7\xb1\x09\xe0J\x1c*\
\x00\x1b\x01\xb0N\x0d@\xe0:L\x006\x02`\x8az\
\x05p6\xfd\xe56<X\xfb\x00\xb0L}\x0b\xbc\xef\
8L\x00v\x02`1&\x01\xfe\x01\x8f\xd5N\x00\xfc\
L\x05\x80\xff\x93K]P\x04\xda\x07\x80i\xea\x8b \
\xc5\x13\xb1\x0e\xf8\x0b\xd0>\x00\xe4\xbf\xac\xfe\x0d\xf0\xdb\
X\xb8\x02\xca@\xdb\x00\xb0D\xe5\x81\xe5\xd2\x871)\
\x01k\x80m\x00X\xab\xde\x02\xec\xfb\xa1D\x09\xc6a\
\x11\xb0\x0b\x00+T\x00\x046K\x11N\xaa\x83)\xc0\
.\x00\xe4a{\xc0$\xc7)e0\x05\xd8\x16\x80[\
)\x008!\x0aS\x80M\x97\x00\xb1\xa7\x1f\x00%\x02\
.\xc0&\x00\xbc\xa6\x06\xe0~?\x00\x9c\x14\xae\x02\x02\
l\x01@\xc1\x1b\xea\xc3 \xe5\xdcc\x02j\x80\x00;\
\x00\xb0h\xa4\xfa[\xe0\xb9\xc8\x00\x01J$\x01\x8f\xd7\
\x06\x00L\xc9I_\x03\xe4\x9d\x8fb\xdcc\x02\xa4Z\
\xa8\x05\xd8\x07 K\xfdW\xa8\xf3b\x92\xfb_\xa4P\
\x0b\x10\xc0:\x00H}-\xac\xd8\xfe\x13\x00\x9c\x14\xdc\
\x0b\x1b\x01\xd6\x01\xd8\x80\x7f\x0e.yB\x00l\x05\x99\
\x07`\xa5\xfaf\x10\xff\x935\xa0\x7f+X\x0f\xab\x00\
\xdb\x00\xe0\x07\x02\xfa\x22\xdc\xd3\x89\x16\x03\x02,\x03\x80\
\xfd\x17\x22\x17\x1eN>\x0d\x80\xd0\xb1\x0b\x08`\x19\x80\
\xb5c\xb0\x1f\x83\xa4\xb4)@\xea-\x82\x03\x22\x0c\x03\
0\x0c\xeb\x0f\xe9\xff6\x99N@\x12\xbc0\xc3\x00\xe0\
\xfd\x81\xfc\xa7\x07e\xd0\xe0V\xb0\xbc\x0e\xe6\x00v\x01\
X\xb4\x5c}Cd\xa0OJ\xdf\x08*\x1cxav\
\x01@\x93\xb0\x06!\xce\xa3\xe9S@\x0a\x01\xf0\xc2\xec\
\x02\x807\x08\x90=\xaam\x00xa\x96\x01\xc8\xc2\xaf\
\x09\xf2\x1cj\xc0\x08\x08\xb6\xc2F\x80M\x00\xd0\x12l\
\x17\xe0\xf0\xec\xc6\x08P\xc2pL\x88Q\x00\x90\xc6M\
\x81\xfeC\xd8*\x00^\x98Y\x00\x16\xcc\xd4h\x15\xeb\
?U^\xa2B\x80\x8b\xbe\x07\x08\xb0\x08\x00\x9a\xc5k\
\xdd\x15\xddsN]\x0c\x08\x07\xc1\x0b3\x09\x80F\xb3\
\xd8~)|\xef\x07l+\x08^\x98I\x00\xd0\xec\x99\
\xda\x17\xc6=\xc2\x08\x00/\xcc$\x00(o\x8c\xd6\x95\
\xf1\xe2\xb6\x8b\xc9\x88j+X^\x0f\x040\x08\x00z\
Sk\x0a\xd0.\x06\xc0\x0b\xd3\x03\xc05\xdd\x00\x18=\
U\x93\x00\xcf\x9e\xa3\x91r\xf52P\x0b\x87D\xa8\x01\
 \xa0\xdf\xbd\x819\x9a\x04\xc8\xe2-\xbc\x18\x00/L\
\x0b\x00_\xe9\x07\x00*\x98\xaeI\x80C\xdc\x8c\x17\x03\
p^\x98\x12\x00\xce\xe8\x08\x00Z\xb1\xdc\xa1M\xc0\xbe\
\x87\x18\x01\xe1\x1a(\x07i\x00\xe0\x8e\x9e\x00\xa0\x0ds\
\xb4\x09\x08\xecl\x08F\xc0\x0bS\x98?>\xd2\x15\x00\
\xb4q\x8c6\x01\xfe\xc2\xf3\xea9\x00\xbc0\x05\xf1\x16\
?t\xea\x0a\x00\xdaH\x98\x03d\xe7\xdf\xb9r\xf0\xc2\
\xb4\xc5]\xf1\xe7=\xfa\x02\x80\xf26i\xef\x04e\xf1\
\xfe\xa5\x18xa\xca\xe2\xaa\xd7\x1d\x004N\xbb\x1aL\
m\x05?\xb8\x03^\x98\xb2\x14w\xe8\x0f\x00\x9a=\x9c\
D\xc0\x03\xac\x18\x80\xf3\xc2\xd6\xae\x00\xadI\x03\x00@\
S\xd6\x11\x08p\xee\xd7(\x06\xc0\x0b[\xb8\x02Dc\
F\x00\x80\xb2\xc7:\x08\xc5@)^\x0c@\x1f\x09\xeb\
j\x80\x96\xb01\x00 4k\x04O*\x06\xa4r\xdc\
\x0b_\x85\xc1\xb0d\x02HHF\x01\x80\x96\xce$\x15\
\x03W\xf0b\x00\xbc\xb0E\x13@R1\x0c\x00\x94;\
a\x08\xc5@\xb8\x0b\xb6\x82VL\x00\x02\x87\x01\xb0Z\
/\x00\xd0\xdcW\x88\xc5\xc0wA8/LA\x09\xb0\
\xb7\x5c\xc1\x01\x98\xaa\x1b\x00h\xf4\xa8g\x14\x03\xe0\x85\
-_\x00\x8aC\x02\xc7\xc5\x1e\xaa\x00X\xa3\x1f\x00(\
\xebWsJ5\x09\xf08\xf0b\xe0,xa\x93'\
\x80D\x7f\x1b\x07\x0c\x80\x9f#=C\xf4\xc2\xcev\xec\
\xcb\x80\xd4[\x04[A\x137\x00]\x11\xa5\x1f\x80\xef\
T\x00\xcc\xd3\x15\x00T\x90C*\x06N\x5c\x02/l\
\xe9\x06 <\xd0\xc7%vQ\xf55p\xac\xbe\x00<\
\xc3\x0b\xe3\xc5\x00xa\xf3\xc6\xbf\xa8\xecq\x1f\x9f`\
\xa7\x98\x0e\xc0B\x9d\x01@\x93'\x91\x088\xa6Q\x0c\
$`+h\xca\xfc?8\xfeJGOe:\x00K\
\xf5\x06\x80\xec\x85\x9dw\x1bz9\xe8#a\xc5\xf8\xb7\
\x96\x0d\xf6\xf1\x0a\x7f\x9c~\x22h\xe2J\xa4\x7f\x16\x12\
\xbcp\xaa\x18(\x8b\x80\x176\xbd\xfes\xd7\x85\x07\xc7\
\xbf\xe4\xd26O\xda\x040c\x95\x01\x00\xa0\xd7H^\
8\xd0\x8e\xff3P\x06^\xd8\xd8\xe5?\x1e\xe5\x94\xc1\
\xa7\x1dlV\x9f\x08\xcb6\x02\x00\xa2\x17\x96\xc5\xbes\
\x1a^\x18\x080n\xf8\xddU\xbdO\xda8J\x8dG\
}\xe9\x00\x8cB\xc6d\xee\x1ar1\x00^\xd8\xbc\xd9\
\xdfUQ\xcb=\xdd\xc6\xf3F\x93j\x06\xc83\x08\x00\
\xb2\x17N\x15\x03\xd8VP\x82\xfe\xc2\x86\x8c\xbe\xb7(\
Z.<\xfd\xaa\xf5^\xf7\xa7\x8f\xc6\xf2EF\x01\x80\
\xb2\x16\x13\xbc\xb0V1p\xb6z\x17\x18\x01}7~\
.o\xbc\xae:\x22(i/Z\xa2Ge\x01\xde\xce\
F\xc6\x85\xe4\x85=rg\xb0\x04\xf3\xc2\x15.\xba\x9e\
_&\xc7[\xdc\xd2\xba\xb5:\xa6\x08\xaa\xb56x\xed\
\xael\xac\x07|\xbe\xf3\xc2\xb2\xd8\x1e\x09\xd3\xeb\x85S\
\xef\xce\xde\xae\xfa-\x99\x9aDwmuo8\x22\xa5\
\xbf\xfc\x03\x00\xd4\xa9\xb6\x80\x8e9\xe3\x0c\x05\x00\xe5\x13\
\xbdp\xdf\xf7\xb8\x17\xa6\xa3\x8f\x84+^w0\x18\xe1\
$I\xc8\xe0H\xd8\xe0\x0f\xf4\xf1\xc7&\x80\x09\xd3\x8c\
\x05\x00M\x994\x84b\x80\xa3\xc0\x0b\xbb\x8b\xeb\x83\x8a\
\xa0\xf5\xf82?\x91\x9a\xcb\xe9\x1a\xd8\xc1\xff\x1a\x19\x1d\
\xa2\x17\x16Ok\x14\x03\x96{aWEH\x9186\
#\xd45;\xd3'\x80\xd2\x91\x8b\x90\xf1Y\xb8\x9c\x7f\
\xeeb\xc0j/\xec\xaaJ\x0a\x1c\xab\xe3\x1f\xfd\xf2\xd8\
\x1e\xd5\x040\x09\x99\x11\x92\x17\xd6,\x06,\xf5\xc2\xee\
\xd6\xb0\xc4\xec\xf8\x87\xb6\xdf\x17U#0q\x9c)\x00\
<\xc3\x0b\xb7\x87\xc3\x0a=\xe7\x85\xbd-Av\xc7?\
\x18?\xaf\xaa\x00\x1c\xfc[\xd9\xe6\x00@\xf6\xc2\x95\xa9\
b@\xa1\xc6\x0b{\xa3\xec\xce\xff\xc1\xe2\x8b~Y\xf5\
\xf4\xe7,Cf\x85\xec\x85\x9b\xee\xf4b[n\x8b\xbc\
\xb0\xbb\x95S\x98\x9d\xff\xdf;\xec\xf0\xa8'\x80uY\
\xa6\x01@>/\x1c8\xdd\x1cR?\xf6\xb3\x1d\x96x\
ao-\xa3\x13\x80\x22\xd4\xfex\x81W\x8f\x7f\xe9\xa6\
\x5cdf^\x9fO(\x06v7\x848\x1a\xbc\xb0\xb7\
%\xcc\xe6\xf8K\x91\xba\xf8g\x1e\xf5\xf8;\xf8\xdf\x22\
sS\xf0.\xa1\x18\xf0t\x86J(\xf0\xc2\xae.&\
w\x80\x92\x14\x8a\x7f\xf1\xb5(c\xe3\xff\xf60\x93\x01\
@\xf9\xabI\xc5\xc0\xd7e\xeab\xc0\x02/\xec\xed\x16\
X\x9c\xfd\xcb\xba\xde\xff\xbc\xa9\x12{\xe8\xa5\xcb\xc7!\
\xd3C\xf4\xc2\x95G\xbe\x0f*V{\xe1\xe2\x90\xc4\xdc\
\xe8+\xc1\xba\x1d\x07N\x15\x06\xf0G\xce/F\x16$\
{\xac\xfc\xfc\xc5\x80\xd9^8^\xc6R\x0d\xa0H\x82\
\x12n\xac\xda\xf1E\xdb\x03\x9f\xc6C\xe7\xd7e#K\
2\x8b\xe0\x85\x03\xdb\x9a;4\xbc\xb0\x99\xcb@\xfc\xa9\
eHQ2\xfa[\xa0\xa0p\xe1\xde\xee\xaa\xdb\xae/\
?\xdbW\xe9\xd7x\xdc\xfc\xab\xab\x90E!ya\xff\
\xa1\x06\x8c\x00s\xbdp\xfc\xa7\xe3\xca\x82R\x1e<\xd8\
\x9d\xd8\x9a\xa9\xa9\xef\xaa\xaax\xff\x0f-\x7f;|y\
\xbfOk\xf8\x1d\xfc\x8cE\xc8\xb2\x90\xbc\xf0@1\x80\
y\xe1\x1a\x97\xe9\x00\x08\x91\xc6\x1a\xf7\x87\xae\x96\xa2L\
M\xeb\xf6\x937\xbf:|\xfc\xc8\xfe\x80O{\xc5\xe5\
_\x1e\x87,\xcc\xdc\xb7\xc8\xc5\x80\x95^\xf81\x00R\
$Z|\xf5\xe6\xf5\xce\x9e\xbe{\x9b34\x1f4\x1d\
\xdb]\xea\xf4\x05\x08\xfb-\x07?}-\xb24D/\
\xec\xc3\x8b\x01N\xe96\xcb\x0b\x0f\x00 \x04+v\xfd\
\xf3\xf2\xce=>\x9f\xe8\xcc\xd8\xf8=2i\xf0\x07\xde\
\xffe\xc8\xe2\x10\xbd\xb0\xd8tF\xc3\x0b\xc7\xdd\xa6\x01\
 \x84\xdc\xd7N\xf8}\x1e\x07\xbb\xe1s\x96 \xebC\
\xf2\xc2Z\xc5\x80Y}$R\x00H\xbd\xf1\x0bw}\
\x0e\x96\xc3\x0f\x9f\x8dh\x08\xe9\xbcp\xaa\x18h\xe4p\
/\xec6\x05\x00)Y\xf1\x91\xd3\xc3\xf4\xf0\xf3\xf3&\
#:B\xf2\xc2\x1e\x7fgu\x0c\xf3\xc2u.S\x00\
\xe8\xba\x10\x90\x99\x1e\xff\xe9\xb3\xb2\x10-!y\xe1T\
1p\x03\xf3\xc2\x91-\xc6{\xe1x\xa4\xe3\xdf\xbb\x99\
^\xfd\xf95\xb9\x88\xa2\x10\xbd\xb0\xef\xc8\xef\xad\xf0\xc2\
\xf1X\xb4Odx\xfc\x0bg\xcc\xcaFt\x85\xd4_\
X\xfc\xe4L\x07V\x0c\x18~^8\xde\xd1\x1c`\xf8\
\xf5\x1f\xf9\x9b\x05\x88\xba\x90\xfa\x0b\xa7\x8a\x81Z\xce\xec\
\xfe\xc2\xf1\x83'Df'\xffM\xa3r\x11\x8d\xc9}\
\x95X\x0c\xd4r\x8a\xc9\xf7\xce}s\x97\xcd\x1d \xef\
\xc8Y?\x1bQ\x1a\xd2ya\xcf\x9e\xce\xda\x98\xb9^\
\xf8w\x17+Y|\xf7\xf9\xe9\xebVLF\xf4\x86\xe4\
\x85S\xc5@\x08?\xa5o\xe0ya\xef\x8f\xa7|\xac\
\x8d=?\x22g^\xde\x02Dw\x88}$|\x1f\xff\
5t\x16\xef/l\xd42\xe0\xdeuE\xb5\x07,\xcc\
\xdc\xf0\x8e\x89\xf3gL}\xf3\x97+G\xa3\x0cH\xde\
|b1\xd0(\x99v^\xd8]\xd4\x94\xfe\xed|\xc4\
\xfa\x9723\x8b7.\xcc{\xa7 ?#\xc6\xfe\xd9\
^8\xb0\xb3\xb9\xdb4/\xecn=\x96n\x81\xe6\x8f\
G\x10\xb3\xbc0\xa1\x8f\x84\xbf\xb0\xa1\x1b;$b\x90\
\x17voO\xef\xa0\xe8\xd84\x0c\x06\xc6</L\xb8\
w\xce\xe3\xec\x8c\xc6$S\xbc0\x00`i\xc6\x8f-\
%\x14\x03=\xd5A\x01\xf7\xc2n\x00\x80\xb5\x90\xbcp\
\xaa\x180\xc5\x0b\x03\x00\xb4z\xe1T1P+\x19\xef\
\x85\x01\x00\xeb\xbd\xf0\x04b1\x90\xe0\x0c\xbfw\x0e\x00\
\xa0\xc0\x0b\xbfB,\x06\x12%F{a\x00\x80b/\
\xecq\x1e?\x904\xd8\x0b\x03\x00\x94xaM\x04d\
_\xcf\xcd^u1\xa0\xe8\xea\x85\x01\x00J\xbc\xf0&\
r1`\xa8\x17\x06\x00(\xf7\xc2\xe2\xbe3\xdd\x8a\x81\
}$\x00\x00\xda\xbdp\xaa\x18\xd8\xca\x19\xe7\x85\x01\x00\
\xea\xbd\xb0\x9fo\xab/W{an\x8b\xd7\x0b\x000\
\x96l\x82\x17N\x15\x03\x09\xec\x90\x88^^\x18\x00\xa0\
)\x84\xfe\xc2\xb2\xd8s\xb3C\xc0\xbcp\xc5U\x00\xc0\
.^\xd8w\xefS\x83\xbc0\x00@WH^X\xdc\
\xf7\xcdV\xc5\x08/\x0c\x00P\x16\xd2ya\xe7\xfe\xe6\
z\xce\x00/\x0c\x00\xd0\x16\x92\x17\xf6\x97\xb6\xd5\xab\x0f\
\x89pJ\xf4E\x0f\x89\x00\x00\xd4\x85\xe4\x85=\xe2\xa9\
\x7f\xe1^\xf8E\xef\x9d\x03\x00(\x0c\xe1\xbc\xb0\xec\xbb\
\x8c\x17\x03/\xea\x85\x01\x00\x1aC\xf2\xc2\xa9b\x00k\
\xec*\xbc\x98\x17\x06\x00\xa8\xcc\xec\xe1\xc4/\x03\xf5\xfa\
za\x00\x80\xce\x90\xbcp\xaa\x18\xe8\x8a`^8\xf1\
\xff{a\x00\x80\xd2\x8c\x1f[\xaa)\x86\xfd\x8e\xb6\xae\
\xa4\x8e^\x18\x00\xa06\x04/\x9c*\x06N\x86\xf4\xf3\
\xc2\x00\x00\xbd!z\xe1[\x07\x1a\x05\xbd\xbc0\x00@\
qH^\xd8\xb7\xf9\xd3\xad\x92N^\x18\x00\xa09$\
/,>8S\xa7\xe1\x85\xdd^\x00\x80\xb1\x90\xbcp\
\xaa\x18\xa8\x89\xe9r^\x18\x00\xa0;$/\xec\x97\xdb\
j\xf0\x9f\x07\xab\x87^\x0c\x00\x00\xb4\x87\xe4\x85\xc5\xa3\
'\xf5\xf0\xc2\x00\x00\xf5!xa9U\x0c\xe8\xe0\x85\
\x01\x00\xfaC\xf2\xc2\xa9b\xa0^Q{\xe1\x92!z\
a\x00 \x03B\xea/\x9c*\x06\xba8\xac\x8f\xc4\xd0\
\xee\x9d\x03\x002!$/\xfc\xdf\xf6\xee\xef\xa7\xad2\
\x8e\xe3x\x04\xa7\xc9\x18:\x16\xa6l\xba\x8d\xb8-#\
\x06\xb3\xcdE\x911\x7f,n\xd1\x14\xf2\xb4\xa7\x18M\
zh\xdd%t.B\xe3B\x9aBY-,\xac\x99\
\x10p(lT\xb6\x95\x04q\xc6\xc8\xc2\xfc\x95\x98\x0d\
\xaf\x5c\xc0\xc4,\xbbu\xe8\xff\xe0\x1d7\x96\x05\x7f\x9c\
\x1f_V ^<\x87\xf7\xebn\xa3W_>9\xe7\
y>\xe7\xe9\xc1\x7fg&yvm\xbd0\x01\xd0\x83\
\xf0\x1e\x89h8\x97\x9c6\xd6\xf2\x1e\x09\x02\xa0\x09\xa1\
\x17\xceo\x06n\xaf\xa9\x17&\x00\xba\x10{\xe1\xf9\xe1\
\xf3\x86\xb3\x17\x0e\x10\x00\xaf\x91z\xe1\x96\xd1\x1f\xd6\xd0\
\x0b\x13\x00}\x94l\x14\xfe\xe8\xd8\xe7\xd7\x93\xa7W\xdb\
\x0b\x13\x00\x8dH\xbdp~3\xd0\x17[\xe5ya\x02\
\xa0\x15\xa1\x17\x0e\x85r}\x8eC\x22FA\x7fw\x8e\
\x00\xe8esq\xa3\xb4\x19\xe86V\xf3\x1e\x89\x00\x01\
\xd0\x8b\xd8\x0b\xdf\x1c~\xbbi\x15\xe7\x85\x03S\x04@\
/[\xcb\xa5\xcd\xc0\xdc\x84c3\xf0\xe0\xf3\xc2\x81\xdb\
\x04@3R/l~\xfdS_\xc7\x8a{\xe1\xc0\x97\
\x04@;B/\xec\xbf36\x14[i/\xbcp\xaf\
\x9d\x00hG\xe8\x85C\xa1[\xef\x8c\xaf\xb0\x17^H\
\x13\x00\x0d=\xb6E\xd8\x0c\xdc\x9d\xfa\xc2X\xd1y\xe1\
\x85\xaeO\xc3\x04@?b/|mxe\xbdp\xb0\
\xa3\x9d\x00\xe8H:/\xdc9:\x97L\x15\xde\x0b7\
gn\x10\x00=I\xbdp~3\x10\xefw\xb4\x82\xe3\
\xc2f 0\xf1#\x01\xd0\x95\xd0\x0b\xfb\xcf\x8de\xa6\
\x9d\xbd\xb0\xfby\xe1\xe6\x11\x02\xa0/\xa1\x17\x0eEo\
\xc5\x07\x0a\xeb\x85\x83\xc9\x14\x01\xd0\xd8\xae#J\xda\x0c\
\xb8\xf5\xc2.K\xc1\xae\x06\xd6\x00:\x13{\xe1k\xc3\
.\xbdp\xf7\x87\xb6\x8b@\xa07B\x00\xf4VV\xfa\
\x82k/\xdc98\xe7\xec\x85\x8d\xd8\x19_\xd0\xb2\x02\
L\x11\x00\xed\xedt\x7f\x8f\x84y\xe2\xcf\x8c\xf3\x90H\
\xc3H\xb29\xb0t#\x08\xfaz\xf2\xbf\x7f\x02\xa0\xbd\
j\xf7^\xd8\x7fi,\xe38$\xd2`\xa4\x12=\xf1\
S\x81\xbc\xcc\x99\xae\xfb\xf7\x08{\x00\xf6\x10\x00\xdd\x08\
\xe7\x85\x177\x03\x8e^8\xbf\x18\x8ct$\x06\xd2\xe9\
\xf1\xd8\xd2w\x8a\xec\x01\xd8N\x00\xb4S\xfb\xb2\xf0\xf5\
\xd1+S\x8e/\x0f.\xde\x08\x9a\x8c\xbc\xbf\xff\xff\x86\
\xeda\xd0\x8e\x12\x06\xaa\x1d\xa9\x17n\xf9v\xd8\xa5\x17\
\xb6\xb2\x05@\x15oc\x9e\xfa\x91z\xe1\xce\xc1\x93C\
\xfd\xc6\xb2\x01\xb0\x15A\xaa\xaa\x88q\xea\xe8\xf9=\xd2\
f\xe0\xd4\xf4r\x09x\xffW\xeb\xe3`\xf5\xf4C\x0c\
SKB/\x1c\xbd\xf4\x9dod\x99\x04\xf4\x8f)k\
\x00\xca\x19\xa5\xa6\x9e9\x22l\x06\xbe\x89\x9fo\x8aH\
\x01\x88}\xd6b\xf9xc)\x93\xd4\x95\xd0\x0b/n\
\x06\x1c\xbd\xf0\xbf\x01\xb8j\x0d@\xebN\x06\xa9\xad\xa2\
\xd2\xb0k/\xdcry\xd6\xd9\x0b/m\x09?\x18\x8d\
Z>[\xb9\x8f9jL\xea\x85\x07O:{\xe1\xfb\
\xce^?g\xeb\x81\xb62E\x9d\x09\xbdp\xdb\x89\xdf\
\x82\x09\x97\x04D\x06r\xd6;\x80\xaa`\x13\xa07\xa1\
\x17\xceo\x06\x82i\xe7R0\x95\x1e\xfd\x885\xa0\xb7\
\xd4\x1ev\xdf\x0c\xf8s\x81\x9e\xd3\xb6\x8b\x80\xd1;c\
Z?\xb6\xa9\x9a\x09\xeaN\xe8\x85\xc3m\x93\xf1L\xa2\
\xe9\xbfkA\xa3\xfb\xde\xf7\xd6%\xa0z\x8aGA\xfa\
\x13z\xe1\xb09?\xfb\xde\xc4td\xe91P\xc4h\
Hg\xeeZW\x00\xf5\x8d\x1b\x19\x9f\x17H\xbd\xf0\x1f\
\x17|\xef&G\xfaS\x8bO\x03S\x89\xe4B\xae\xcd\
\xf6\x89\xca\xcd\x0c\xcf\x13\xa4^8:\xff\xbb/\xeb\xbb\
\xd8\xd3\xdb;\x11\xcf^\x9c\xf4[\xb7\x80\xf5j\x03O\
\x82<B\xe8\x85\xebMusfv(\x9b\xcd~\xf2\
\xf3\x85\xb7\xcc\xb0\xfd\xc75L\xce+\xa4\xf3\xc2a\xd3\
l\xbf|e\xf2\xab_>6\xfd\xf6\x9f\xa9*\xce\x02\
xGQ\xe9&\xf7\xb7\xca\xd5\x87\xcc\x96\xbc\xa8K8\
\x0e16/\x11za\x91z\x94\x16\xd0[\x84^X\
\xb2}\x17#\xf3\x18\xe1=\x12\xee\xc2\xac\x00\xbd\xa7\xf6\
\xb9\x82\xaf\x01\xea\x0d\xc6\xe5Ae\xc7\x1f),\x02\xaa\
\xbc\x8ciy\xd2\xab\x05\xdd\x06\xd4Q\xbe\x0e\xe0UO\
\xbe\xf4\xc0\x8b@\xab\xda\xcd\xef\xdf\xc3\xf6W\xa8e#\
\xa0\x0e\xbcB\x05\xec\xed\x95@\xcd\x169\x02\xad\xaan\
?#\xf2\xba\x87_\xaf\xabWn\xcd\xa0R;\x9e\xe5\
\x0c\xc0z\xb0\xad\xba\xfcqe\xbb\x0e\xe4\xff}\xec\xcd\
\xbd\xccf\xbd\xd8\xfb\xc4\xc1c\x07\xd4?\x1a+\x8b\x0f\
\xbe\xc6!\xe0\xf5\xa5\xe4\xc5C\xc7w\x1f\xdePUW\
q\xb4\xb4f\x1f\xd7~\x00\x00\x00\x00\x00\x00\x00\x00\x00\
\x00\x00\x00\x00\x00\x00\x00\x00\x00\x00\x00\x00\x00\x00\x00\x00\
\x00\x00\x00\x00\x00\x00\x00\x00\x00\x00\x00\x00\x00\x00\x00\x00\
\x00\x00\x00\x00\x00\x00\xf0\xbf\xf8\x0b\xff\x00\x87z6F\
\x01\xf1\x00\x00\x00\x00IEND\xaeB`\x82\
\x00\x00!\xbb\
\x89\
PNG\x0d\x0a\x1a\x0a\x00\x00\x00\x0dIHDR\x00\
\x00\x02\x00\x00\x00\x02\x00\x08\x03\x00\x00\x00\xc3\xa6$\xc8\
\x00\x00\x00\x09pHYs\x00\x00\x0e\xc4\x00\x00\x0e\xc4\
\x01\x95+\x0e\x1b\x00\x00\x03\x00PLTEGpL\
\x05%.\x00\x00\x00\x08(1\x05 .\x07)1\x0f\
 !\x07'0\x06'/\x09(1\x07'1\x08(\
2\x07&/\x03\x1a#\x0c\x1c$\x0b\x1e%\x02$+\
\x00\x22)\x09(1\x00\x09 \x05#/\x00!!\x05\
#*\x07(1\x09(2\x08'1\x08(1\x07'\
1\x00\x1f+\x00\x1e)\x06&/\x06&/\x07(1\
\x06'0\x06'/\x06&0\x09(1\x05#*\x07\
'1\x07'0\x06&.\x07'2\x05$.\x09(\
1\x08(0\x07(0\x06'0\x06&0\x07'1\
\x04\x1e$\x03%/\x08'1\x08'0\x07'0\x09\
'1\x09'0\x07'0\x04%/\x09(1\x05&\
.\x07'1\x06'/\x07'0\x07%/\x07(/\
\x07'1\x04#,\x04(-\x07%0\x07'0\x07\
(1\x07'1\x06&0\x07(0\x00\x1b,\x06%\
/\x0a)2.\xbb\xf4)\xa6\xcc\xdc\xf1\xfd\x0a+4\
0\xbf\xf9\x09$+\x0a)1\x0a+5\x1dz\x9e$\
\x94\xc0/\xc0\xfb.\xbd\xf6\x09$,0\xbf\xfa.\xbc\
\xf5\x0a(0)\xa5\xca*\xa9\xd1+\xae\xdc\x17_t\
\x09\x22)\x09(1\x0d6D\xe1\xf4\xfd\xde\xf2\xfd.\
\xbe\xf7-\xbb\xf4,\xb4\xeb\x09!('\xb9\xf4\x1cr\
\x930\xbe\xf8\x09&/,\xba\xf4\x08%-\xdf\xf3\xfd\
.\xbe\xf8\xe1\xf3\xfd\xdd\xf1\xfd%\xb9\xf4\x08'-.\
\xbb\xf5\x0a)4(\xba\xf4*\xba\xf4)\xa6\xcb\x0a,\
6\x09\x22+*\xa9\xd0.\xbb\xf3.\xba\xf2\x08%,\
)\xa7\xcd\x0d;K)\xa6\xd9\x0b1>)\xa8\xce\x0f\
CU\x1f\x80\xa6\x13Sj+\xb1\xe7\x0b/:;\xbe\
\xf5\x1cw\x9a6\xbd\xf5\x16\x5cw\xdb\xf1\xfd\x1am\x8e\
*\xac\xe0/\xc0\xfa,\xb6\xec\x0e?O*\xaa\xd3\x10\
GY\x18f\x84%\x99\xc7'\xa0\xd1|\xd1\xf8\x22\x88\
\xb2H\xc2\xf5g\xca\xf60\xbc\xf53\xbd\xf4.\xb7\xef\
\x11L`,\xb4\xe9\xd1\xed\xfc\xd8\xf1\xfd\xbe\xe7\xfb+\
\xae\xe2\xcb\xec\xfc\x88\xd4\xf8#\xb9\xf4\xb4\xe3\xfa\x14X\
r\xce\xed\xfc\x0c4A\x9d\xdb\xfa\x81\xd2\xf8u\xce\xf7\
T\xc4\xf6\xd4\xef\xfc\xc2\xe9\xfb#\x92\xbe(\xa0\xc5-\
\xb6\xed\x1dx\x94\x17_za\xc8\xf60\xbe\xf7.\xb8\
\xf1\xa9\xdf\xfa\x17a~%\x97\xc5$\x94\xb8\xb9\xe5\xfb\
\x0c+5+\xb1\xe2*\xab\xd4\xb0\xe2\xfa\xad\xe0\xfa\x22\
\x8f\xbb\x19j\x8a\x18d\x81\x11J_D\xc0\xf5@\xbf\
\xf5\x0a%-\x12Nc \x87\xb0\x14Vl\x22\x8c\xb6\
N\xc3\xf6\x8e\xd7\xf8\x97\xd9\xf9+\xad\xdb\x1am\x87 \
\x85\xac&\x9a\xc9\x0fAS\x13Pf(\xa3\xd5,\xaf\
\xe4\x91\xd7\xf9\x16\x5cq\x1f\x82\xa1#\x91\xb2\xa3\xdd\xfa\
\xa1\xdc\xfa\xc8\xea\xfc(\xa2\xd3\x0d8F\xc6\xe9\xfb)\
\xa9\xdcZ\xc7\xf6,\xb3\xe5*\xac\xd7\x8b\xd6\xf8\x1f}\
\x9b\x1e~\xa3\x1bp\x92\x1cu\x97m\xcc\xf6'\x9e\xcf\
(\xa3\xc8\x18e{\x1d|\xa0%\x9a\xbf\x5c\xc7\xf6&\
\x9c\xcdp\xcd\xf7!\x87\xa5L\xc3\xf5\x1ct\x8f+\xa9\
\xd2+\xb0\xdf\x22\x8b\xab\xcf\xed\xfc*\xa4\xca\x1d\xa9m\
v\x00\x00\x00LtRNS\x00o\x01\xf97\xef\x10\
\xaf}\xfb\xeb\xf7b\x0a\x12\x0d\x22\x05\xfe\x020\x07,\
\xf4\xfd\xc7\xe2\xc0\x1e\x18Ug\xdb\x84l[\xe5'\x98\
\x91A\xf14\xe7\xa2\xd6\x9cx\xd2\x15Q\xb4\xa9\xa6\xcc\
\xb8\x94M\xcf;\xde\x80\x8cH\x89\xb2>:Es\xbc\
\xd8u\xac\x1b|\xbb\x7f\xbc\x96\x00\x00\x1e\x09IDA\
Tx\xda\xec\x9d[l\x13g\x1a\x86[\xc2a\x09\xa1\
\x9c\x93p>7$\x9c\xc2a9\x94\xd2t\x81\x02\xcb\
\xfa\x97'\x0e[9vn\x1cbF\x9a&\x8e\xeb\x18\
l\xab\x16D\x01\x91@\x08\x81\x82J\x01;a\x81\x90\
4\x04\x92\x90\x0aA8\x88\x95`\xcb\xa1e\xb7T\xa2\
-\xe5\x02v\x0b\x95V]\xa8\xb4\xeaV{S\xad\x1d\
X\x94x\xbe\x7f\xe2\x19\x8f\xc73\xf6\xf7\x5cT\xeaE\
{\xf1\xbf_l\xcf\xbc\xef\xff~\xaf\xbc\x82 \x08\x82\
 \x08\x82 \x08\x82 \x08\x82 \x08\x82 \x08\x82 \
\x08\x82 \x08\x82 \x08\x82 \x08\x82 \x08\xa2q\xe6\
\xa5\xae\xcc\x99?u\xea\x84\x9c\x95\xa9\xf3\xf04\x12\x8b\
\xc1Y)sFO\xca\x1c\xcet\x91\x9e9i\xf4\x9c\
\x94\xac\xc1x.\x09\xa2\xfe\x8c\x8c\xec\xa4\xa0\xf0\xba\x97\
\x04\xff-){\xc9\xaa!x:q\xcf\xf4\xb9\xd9\xba\
\xee\xdaw\x9f\x02\xdd\xec\xe5\xa9xBqM\xea\x92d\
X\xfd\x173\xb0>s\xd62<\xa5\xb8e\x5cF\xa6\
\x80\xfa/f ia\x16\x9eT\x5c2j\xca\xb4^\
\xe5\xef\x1a\x81\xb4%\xe3\xf0\xb4\xe2\x8f\x91\xab\x19\x97.\
<\x98i\x13\x87\xe1\x81\xc5\x17}&\xf6cta\xe3\
b\x06L\xc73\x8b'\xfa\xcf\xd1\xb9tb`fN\
\xc5S\x8b\x1f\x86\x8e]\xaf\x13\x09\x93\x9e\x81o\x05\xe2\
\x85\xac5\x8cN<\xcc\xea\xa1xtq\xc1\xb21R\
\xf4\x0fL\xc0$|'\x10\x17\xfa\xcf\x94\xa6\x7f`\x02\
\x92\xe7\xe3\xf1i\xff\xf3\x7f\x8cT\xfd\x03\x130(\x05\
\x0fP\xeb\xbf\xff&Q\xf5/,5X\x82\xe4\x97\xe4\
Q'`\xe0\x14<BM3~4E\xff\x02\x83a\
\xd7\x8e\xaa\xf3\x07\x0f^>\xf5\xc5\x01\xc6`(\xa1\x8c\
@\xfa\xabx\x88\x1a\xe6\xb5\xb1\xb0\xfe%\x96\xd3{\xee\
\xdc\xdfi6\x99L\x1f\xe6\x1e\xfd\xee\xd0\xbd\xf3\x15\x86\
|\xf8s \x1d_\x08h\x97!\xbf\x03\xf5/\xb0T\
<}b4\x15\x1b\xcd$\x88\xb9\xae\xd8T|\xf2\xc8\
\xb7\x85\x06p\x02\x92\xfb\xe2Aj\x94\xc1\xbf\x05\xf5\xf7\
n\x7fz\xd2\xd4\xb9\x99\xf4\xa0\xce\xb4\xf5\xdd\xaaR\xe8\
\x8b\x80Y\x83\xde\x906\x196\x07\xd2\xbf \xff\xd4}\
S'\xe1c6]<r\xc0\x02\xbe\x11\xc2w\x82Z\
dD\x06\xa4\x7f\xf9\xae\x1f\xb7\xe6\x12\x18\xb3i\xdf\xf9\
\xd2\x02`\x02\xe6\x8c\xc0\xe3\xd4\x1e\x93!\xfd\xbd\xdf|\
m2\x12*\x9d\xa4rW)0\x01k\xf185\xc7\
\x5c@\xff<K\xd5>\x13\x11\xc2l\xbaR\x91\xcf\xff\
\x0f\x93\xf0\x95\xa0\xd6\x98\x92\x0e\xbc\xf9\xb1\x5c\xde_L\
z\xc1t\x7f\x07\xf04\x90\x8c91m\x912\x10\xd0\
\xdf\xb0wk'\xe9\x15\xd3\x93\x8f\xf8\x9f\x01\xcc\xecu\
x\xa8\x1ab\xc2 @\xff\xfc\xf76\x1bI\x18\xe4\xee\
\xdb\x01L\xc0\x02\xbc8\xa2\x1d\x96\xa6\xb9\x807\xffO\
\xeb\xc2\xd2?\xf0\x19ph\xc3\xe7\xfc\x09\xc8\xe8\x83\x07\
\xab\x11f\x00\xf9\xbfB\xc3{\xe1\xea\x1f\x98\x80O?\
\xe0?\x0d2\xe8\x0bi\x84\xbeP\xfc\xdb\xf2\x19\x09[\
\xff\xc0\x04T\x96\xf2\x9d\x81AK\xf1l\xb5@\xea\x9b\
\x90\xfe7\xb6\x8a\xd0\x9f\x98\xeb\xf6\xf2\xdf\x09\xba\xa6\xe1\
\xc51\x0d0\x1d\x0a\x00z\xcf\x1f\x15\xa3?!\xc6\x8b\
{\xf8\x13\xc0,\xc2{\xe4\xaag\xdc\x1b\xd0\xdf\xff\xa9\
s\x1b\x8986\xee\xbc\xc9\x7f\x1d\xc0\x0c\x18\x85'\xac\
n\xc0\x00\x88\xe5\xdb\x9d\xc5D,\xb9\xdb*\xf8/\x85\
\x99\xb7\xf0\x88U\x0d\x18\x001\xfc\xe9;\xf1\xfa\x07~\
\x08~\xbc\x9d\xef\x0e\x0f\x9f\x88\x87\xacb\x86,\x80\xf4\
\xffh_.\x91\x82\xe9Ha!\xef\xff\x96\x96\x83\xc7\
\xacZ\x06/\x84\xf4\xfff\x9b4\xfd\x09)\xdem\xe0\
=\x0c\xba\xc6\xe0\xadA\xb5\x02\x06@\xf2+\xee\x9b$\
\xeaO\x8c\xe4 \xf0(0\xfa5<jU\x02\x06@\
J7\xfcG\xb2\xfe\x81\x098W\xe5\xe5O\xc0\xef\xf1\
\xee\xb8\x1a\xe9\x03\x05@JO\x7f\x1c\x81\xfe\x84\xbc\xbf\
oG9\x7f\x02&\xe3i\xab\x90?\x00\xfa\x97l\x7f\
7\x22\xfd\x03\x0f\x83\x90/\x94\x8e\xf7\x85\xd4\xc7\xab@\
\x00\xa4\xe4\x83\xbfE\xa8?\xc5\x17\xca\x9c\x81\x07\xae2\
&\x02\x01\x90\x02\xdd\x1d\xd3f\x12\xf1\x04Tn\xe2=\
\x0a0o\x0e\xc5#W\x15S\x93\x80\x00HAen\
\xe4\xfa\xc3\xbe\x10>\x0a\xa8\x8b\xf9i\x80\xfe\x9f\xff\xb1\
\xd8Ld\x00\xf6\x85f\xe1\xa3\x80zX\x05\x06@\x9e\
\xd6\xc9\xa2?\xcd\x17Z\x8e\xe7\xae\x16V\x02\x0d\x10y\
\xde\xbdf#\x91\x09\xd0\x17\xc2K\xa3ja$\xd4\x00\
a9(\x14\x00\xb19\x03\xd8\x22\xf4\x85\xfa\xad\xc4\xb3\
W\x03\xd3\xa1\x06\x08\xcb\xe5\x8bt\xfd=\x9c\xcf\x7f\xf8\
\xb0\xdf\xc7yD\xf8By\x85\xfc\x0a!\xbc4\xaa\x02\
\x86f\x83\x01\x10\x81\x00\x10\xe7;\xd3b-*\xb2\xb6\
\x9c\xf1q\x11\xf9B\xcc\xd8\xfex\xfe\xb1f\xdd\x22H\
\xff\xaac\xf4\x00\x10\xe7o,\xb2\xea\x03X\x8b\x1a\xfd\
aO\x80q\xcbA/^\x1aU\x1f\xf3\xc0\x00\xc8\x17\
\x02\x01\x10\xce\x7f\xd6\xae\x7f\x81\xfd\xec\xcf\xee\xc8|\xa1\
\xb9(AL\xe9\xbfXl\x00\x84\xbbp\xfc\xa5\xfe\x81\
\x09h\xa8fE\xf8B\xfc\xfbBI\x13P\x84\x182\
x\x00\x18\x00y\x22\xa0\xff\x0f-\xdd\xf4\x0fL@\x9b\
3\xfc\x1f\x82\x90/\x84\x97Fc\xc8\xa8YP\x00\xe4\
\x80@\x00\x84ko\xec\xa1\xbf\xdeq\x9deE\xf8B\
\x7f.\xe0_\x1a\xc5G\x81X1\xecuH\xff\xef\x7f\
\x12\xd0\xff\xcb\xc7=\xf5\xd7[\x1f\x87\xff\x1d\x10\xf4\x85\
J\xf8\x0f\x83\x8b\xb1?&6\xf4y\x1b\xd0\x7f\xd3\xe9\
\xaf\xe9\xfa\xbb}\x1d!\xfa\xeb\xad\xc7\xc5\x0c\x00\xec\x0b\
\xbd\x8e\x8f\x021a9\xa4\xff\xf6+\x02\xfa\xdfjp\
\xe8C\x07\xa0Q\xcc\x00P|\xa1wP\x8c\x18\xb0\x16\
\x0a\x00\xed\xfa\x8b\x80\xfe\xb7\xaf\xf2\xf4\xd7\xdb\xaf\xd5\xb1\
\x11\xfbB\x83\xb0?Fy&\x02\x01\xa0\x02\xe6\x08]\
\x7fOu3_\x7f}Q\xabS\xb4/\xc4\x0f\x09&\
\x8fDA\x14\x06\x0c\x80\x14\xde\xa3\x07\x80<5\xd7\x01\
\xfd\xed\x8fo\xdbD:\x83\x90/\xc4dc\x7f\x8c\xb2\
L\x80\x02 %\xff\xa6\x07@l\xf5\x97\x8a\xf8\xfa[\
k\x9fq\xa2\xbda\xd0\x17Z\x8c\xfd1J\x92\x93\x09\
4\xc0\x94\xef\xee\xa4\xea\xcf\xd6=\x02\xfe\xfe\xad\xfaV\
\xf1\xfa\x93\xcd\xa0/\x84\xfd1\x0a\xb2\x22\x19\x0a\x00\xfd\
\xcbH7\x00\xddMEe|\xfd\xadM\x1c+~\x00\
\x82\xbe\x90\x05\xfbcbH\x16\xd0\x00\x93g\xf9l\x8b\
@\x00\xa0\xfd\xac\x95\xa7\x7f\x99\xf5\x9fn)\xfaw\xf9\
B\x16\xec\x8f\x89\x19\xa9\xa2\x03 \xc4\xf9\x80\xff\x03\xa0\
\xcc\xfe\xc0#M\x7f\xd8\x17\xc2\xfe\x18\x85\x18:\x1b\xd2\
_\xb0\x01\x86\xad\xbfj\xe7\xeb\xff\x95M\xaa\xfe]\xbe\
\x10/$\xc8\xbc\x81\xfd1\x0a\x007\xc0\xfc\xf5\x98P\
\x03\x0c[\xfd+\xef\x1b\xc0\xfe\xa8\xceF\xa4\x03\xdd\x17\
\xc2\xfe\x18\x05\x98'\xa5\x01\x86\xad>\x1e:\x00\x8eK\
\xf5\x91\xe8O\xf1\x85\xb0?&\xda\xbc\xb6\x1a\x0a\x00\xdc\
<)\xdc\x00\xc3\xd6t\x84\x0c\x80\xe3Z\x8d'\x22\xfd\
\x89\xd9\xb8\xd7\x80\xfd1J\x03\xae\x002\xecx\xd2[\
\x03\x88\xe7Q\xcf\x1f\x81\x8e\xe6\xea\x08\xf5\xa7\xf8Bi\
\xabP\xa4(\x02\xae\x00\xca?\xb0\xad\xd7\x1b\xc0\x9c\xbf\
\xac\xfbk\x00\xc7\xd5\xdbn\x121\x90/\x84\xfd1\xd1\
\x04\x0e\x80T\xfc\xa3\xf7\x1b\xe0,\xe9\xfe\x22\xd8\xdep\
K\x06\xfda_\x08/\x8dF\x8f\x11o\x01\xfa\x97\x87\
\xd7\x00\xe3\xb9\xd5\xf0r\x02\x8a:\xfe+\x8b\xfe\x14_\
h!^\x1a\x8d\x12\x93\xc1\x00\xd0\x95\xf0\x1a \xdc\xbe\
kVG\xe0\x97`\xe0\x1f\xd7|2\xe9O\xf1\x85\xb0\
?&:\xcc\x05\x03 \x9f~\x18\xa6V\x9e\xba\xb6\xe6\
\x96\xda\xda\x96\xe6\xb6z\x8f\x5c\xfa\xc3\xbe\x10\xf6\xc7D\
\x05h\x05P\x81\x98\x06\x18\xd6\xc9\xfa\xda\xdb}\xc4\xc9\
\x12\xf9\x00}!\xec\x8f\x89\x02)`\x03\xcc=Q\x0d\
@\xac\xc7\xed\xf6\xc8)?\xc5\x17\xc2\xfe\x18\xf9\x01W\
\x00\x15T\xe6\x9aI\xac)\x06|!f4^\x1a\x95\
\x97\xa5\x99\x80\xfe\xe525\xc0D\xfaC\xf0\xa7\x0d\x9b\
\xb0?&\xba\xccHvA+\x80\x8cF\xa2\x06\xc0\xfb\
B\xd8\x1f##\xd0\x0a\xa0<\xaf\xa8\x15@\xd1\x9d\x00\
\xc0\x17\x1a\x88\xfd1\xb21R\xf4\x0a \x96\xe3<\x1e\
\x8ec\x15\x1a\x00\xb3\x11\xb8/\xd4o\x19*'\x0f\xe0\
\x0a \xcby\x81\x00\x10W\xe3\xbf\xfb\xf0\xe1]\x7f=\
\xa7\xd0\x04@\xbe\x10\xf6\xc7\xc8\x04e\x05\xd0~j\x00\
\x84u?k(+r8\x8a\xf4\x0d~\xb7B\x1f\x02\
\x90/\x84\xfd1\xb20\x1ej\x80\xf1V\x1d\xeb\xa4?\
\xec7\xd5\xda\xbb\xac\xbf2Gm\xab[\xa1\xcf\x00\xd0\
\x17\xc2\xfe\x98\xc8\x11\xbd\x02\x88u7Y_\x86?\xac\
emJ}\x0b\x80\xbe\x10\xf6\xc7DJ\x7f\xca\x0a \
\xba\xfe\x5ckw\xe7\xdf\xdax\xcb\xa6\xd4\x04\x00\xfb\x85\
\xb0?&B\xc0\x15@\xf9B+\x80\x9c\x87k{\x84\
\xbf\x1cMN\x85\x06 \xe8\x0b\x15b\x7f\x8c\xac\x88_\
\x01\xe4l;\xd13\xfcgo&J=\x0cB\xbe\x10\
\xb3\x06\x1f\x05\x22\xd0\x1fZ\x01T.\xd4\x00\xe3|\x16\
\xa2\xbf\xde\xfa\xf7j\xa5\xbe\x03\x88q?\xe0\x0ba\x7f\
\x8cd\xc0\x06\x98\x12\xa1\x15@N?\xef\x02\x98\xb5Q\
\xb9\x01\x08\xfaB\x06\xec\x8f\x91\x0d\xd1+\x80z6\x00\
\xbe\x18\x80\x8e\x1aV\xb1\x01\x08\xde\x17\xda\x84\xfd12\
\xf1\xcep\x91\x01\x90\xd0\x06\xc0\xe7\xf9\xbfK\x1e\x05\x07\
\x00\xbc/\x84\xfd1\x92\x00\x1b`\x5cwD4\x00>\
\xff\x04hs\x12%1Un\x0a}\x14pa\x7f\x8c\
\x04\xa0\x06\x98\x02\xa1\x15@\xfc\x06\xc0\xe7\x17\x00\xeaY\
E\x07\x00\xf2\x85\xb0?F<\xe0\x0a\xa0R\x81\x06\x18\
\xce\xd7\x015\x80\xb4\xb4\xbb\x89\xb2\x80\xbe\xd0\x02\xec\x8f\
\x11\xc7\xaa~\x80\xfe\xf9O\xe9\x01\x10\xa8\x010X\x02\
y\xc1I\x94\x06\xf4\x852PS1,\x83V\x00Y\
\x04V\x00\x81\x0d\x80z\xebY\xbf\xf2\xfaw\xf9B\xfc\
Rq\xec\x8f\x11A\x96\xd8\x15@p\x03\xa0\xf5\xc4/\
\xb1\xd0\x1f\xf6\x85\xd2\xb0?&l\xc0\x06\x18\xaf@\x03\
\x8c\xad\xe6:\xd4\x00w\xa2\xed\x93XE\xc4\xf8\xbe\x10\
\x83\xfd1\xe1\x027\xc0\x9c:G\x0d\x80\xd0\x1a\x00\x0f\
;c\xa4?\xd9\x9c\xcb\xbf/\x84\xfd1a\xb2\x8e\x12\
\x00\xa1\xeb/c\x03\xa0l\x8f\x02,\xe0\x0ba\x7fL\
8PV\x00\xd1\x1b`l\xe4\x0c\xa4\xbf\xc4\x06\xc0\xa8\
\xde\x17\xc2\xfe\x98\xde\xa1\xac\x00\xa27\xc0\xb0\xb6\xaf\xec\
e\xb26\xc0E\xcf\x17\xc2\xfe\x98^\x19\x22v\x05\x10\
\xeb\xbek\x85\xf4\x8f\xa4\x01N\xa6\x87A\xc0\x17\xc2\xfe\
\x98^\xa0\xac\x00\xa27\xc0\xb0\x5c\x13\xa8\xff\x19b#\
\xb1\x06\xf0\x85\x18\xec\x8f\x11\x04l\x80)\xff\xfe\x90I\
(\x00\x084\xc0\xda\x1f\xd6\xc5^\xff\xa0/TZ\x88\
\xfd1\x22\x00\x1b`J\x85V\x00\x85\x06\x00ej\x00\
\x8c\xa6/\x84\xfd1t\x96\x83\x01\x10\x81\x06\x18.4\
\x00\xf8b\x07L\x8d\x87\xa8\x02\xd0\x17\xc2\xfe\x18\x1ak\
u\x80\x01,\xb4\x02\x88{\x06\xe9\xefh\xaev\x13\x95\
\x00\xf9B\xd8\x1fC\x01\x0c\x80\xac?\x22*\x00\x18\xfc\
\xfb\x97\xa5\x01PF_\x88W)\x9d\xb9\x02\xc5\x06\x00\
\x03 B+\x80\xa0\x00\xa0|\x0d\x80Q\xf4\x85\xb0?\
\x06\x02\x5c\x01T\xfac\xf1fQ\x01@\xbd\xbd\xc3\xc7\
\x11U\x01\xf9B\xd8\x1f\xc3#\x07j\x80\xc9\xdf\xbd\xd1\
(.\x00h\x7f\xfc\xa5\xca\xf4\x07{\xe4\xb0?&\x94\
\x15@\x03L\x9e\xd0\x0a 8\x00holw\x12\xb5\
a\xdcr\x83\xff(\xf0\x1b\xd4\xbc;\xd0\x0a \x9d\xd0\
\x0a J\x00\xf0\xd7\x9f\xd5\xa7\x7f\xd7}!\x03\xf6\xc7\
\x08\x91\x0a5\xc0xo\x5c\xd4B\x000L_(4\
\x22\xe6\xea\xb7\x12u\xff?p\x00d\xcfQj\x00\xc0\
C\x0b\x00~B\xd4\x89\xe9\xd0\x86\x12\xec\x8f\xa1\x016\
\xc0x\x05V\x00y\xaa\x9b\xc1\x00\xd8/j\xd5\x1f\xf6\
\x85\xb0?\xe69\xa2W\x00\xd9\xc0\x15\xc01\x0c\x00J\
\xbc/\x84\xfd1]\xf4\x17\xbb\x02\xc8V\x7f\xc9\xa1\xae\
\x00\xa0d_\x08\xfbc$\xac\x00\xa2\x04\x00\xcbZU\
\xad?\xec\x0ba\x7f\x8c\xf8\x15@6\x16\x0a\x00\x96Y\
\x9b\xdc\xac\xba\x07\x00\xf2\x85\x5c\x09\xdf\x1f\x03\x07@\x04\
V\x00Q\x02\x80\xd6\x07\xaa\xd7\x1f\xec\x91cf'\xf6\
\xa5Q8\x00\x22\xb0\x02H\xbd\x01@\xa9\xbePb\xf7\
\xc7\x88]\x01\xa4\xe6\x00`x\xbe\x10o\xbfPB\xf7\
\xc7\xcc\xd5\x89\x5c\x01\xc4\xb5\xea\xa1\x00\x88:\x02\x80\x12\
}!W\xe2\xf6\xc7L\x11\xdd\x00\x03\x06\x00\xed*\x09\
\x00\x86\xe7\x0b\xf1\xef\x0b%l\x7fLJ\x12\xbc\x02\x88\
\x1a\x00p\xc2\x01\xc0\xebj\x09\x00J\xf4\x85\x98\x99\x89\
\xd9\x1f3\x15Z\x01T(\xd0\x00\xe3\xa4\x05\x005\xa4\
?\xe8\x0b1\xd9\xe3\x13P\x7f\xd1+\x80\x9c\xfe\xb3v\
\xb5\x07\x00\xa5\xfaB\x09\xd8\x1f3\x03\x0c\x80\x08\xac\x00\
\xe2.\x1c\x87\xfe\xfeU\x16\x00\x94\xea\x0be\xf4I0\
\xfd\xfb\xce\x04\x03 \xf4\x15@Z\x09\x00\x86\xe7\x0b\xf1\
\xee\x0b%Z\x7f\x0c\xbc\x02H\xa0\x01F3\x01@\xa9\
\xbePZN\x22\xe9OY\x01tT|\x00P\x8b\xfa\
\x83\xbePB\xf5\xc7\x8c\xcb\x86\x02 \x02+\x80\xdc\xbe\
\x0e\xa8\x01\xb4\xe5\x07'\xd1&\x1bw\xde\xf4\x86N\xc0\
\xa2\x84\xe9\x8f\x19\x0f\x06@\xaa\x8e\xbd\x1f'\x01@\xa9\
\xbeP\xa2\xf4\xc7\x88^\x01\xe4QS\x03`4}\xa1\
\xb7\x13B\x7f\xda\x0a\xa0\x5c\x81\x00\xe0\xff\xd8\xbb\x17\xe7\
\xa8\xea+\x80\xe3\x01\x0cV\xc2\x1b\x85\xa8#\x0f\xab\x88\
\x16\x1f\xb5(\xa8\xb5@\xd5*\xb8\xbb\xbd\x9b,\xb8\xec\
.\xd8]\x92\x89\x89\xd9$\x84\x98'\x90DD$\x10\
\x1e!<D\x87GZ\x86W\xc1\xa93Z\x0c\x15\x8b\
\x0a:S\xc5g\xab\xadVm\xed0Vq\xc6\xfa\xa0\
\xa3cg\x1aRh\xf3\xbb\xf7\xb7\xcb.\x9b\x1f\xfd\xdd\
\xbb\xdf\xf3\x17\x84=\x1f\xee\xfd\xdd{\xce=\xa7\xdcf\
\x0d\x80\x89\xd5\x85\xac\xfb\x85\xd2a~L\xbfq>\xe9\
\x0a\xa0@\xd2\x0d\x80\x15\xb6\xce\xbf\xbbr\x8e\xb5.t\
\xb9\xf3\xe7\xc7\x9cw\x95\xb4\x01$\xf6\x0a {6\x00\
&\xf4(\xe0\xb6|/\xe4\xfc\xf91Cd+\x80J\
\xe3\xac\x00\xd2q\x02`\xb7=\x0aH\xeaBN\x9f\x1f\
3I\xda\x00\x12{\x05P\x89{\x8f\xb4\x01l{u\
\x81\xfd\x01H\xebB\xce\x9e\x1fs\xa7\xb4\x01dzK\
\xb2\x0d\x80\xaf;\x22\xff\xf2\xba\x90\x93\xe7\xc7\xf4\x90\xe5\
?N\x03\x88\xbd\x1b\x00O\xb3.\xe4\xe0\xf91#\xce\
\x914\x80\x18\x87\xe3\xe4_\xd6\x00\xf8\xd3\xb2=\x05%\
n\xa7\x84\xb5.T\x95\xe9\xd4\xf91\xd2\x06\x90\xb8+\
\x80d\x13\x00m\xd4\x00\x98`]h^\x9a\xcc\x8f\xb9\
\xf6\xf2$W\x00\xe9=\x01Pe]\xc8\x91\x1f\x8d\xde\
\x9a)i\x00\x89\xb7\x02H\xde\x00X\xfe|s\x8d\xdb\
Q\xd1n\xfd^\xc8\x89\xf3cn\x915\x80\xe4\xc4Y\
\x01\xe4\x8c\x06\xc0\xd3\xad\x0b9n~\xcc\xb9\xc9\xae\x00\
\x927\x00\x96\xdb\xae\x010\xa1\x83\xe0~K]\xc8i\
\xf3c.\x95\xad\x00\x0a\xc7Y\x01T\xe1\x98\x06\xc0\xd3\
\xab\x0bU\xf5q\xd4\xfc\x98X+\x80\x92o\x00td\
\xfe;\xbf\x17r\xf2\xfc\x18\xe9\x0a\xa0p\x9c\x090\x8e\
j\x00L\xe8Q\xc0:G\xce\xf8\x89c\x1e\x05b\xac\
\x00\x8a\xd3\x00\xf2\xb5\xa3\x1a\x00O\xb7.\xe4\x94\xf91\
\xc9\xaf\x00\xda\xf4\xbc\xa4\x00Xf\xdf\x06\xc0\x04\xebB\
9\xce\x9c\x1f3`\x8a/\xb9\x15@\xee\xa2\x7fJ^\
\x00\xdb\xba\x01\xf04\xebBYN\x98\x1f#]\x01\xd4\
\xd0\xba0v\xfe\xdd%\x92\x0e \x8d'\x00v\x9b\x80\
C\xe6\xba\x90\xe1\x80\xf91\xd2\x090\xf1\x1a@:\xee\
\x00K\xb7\xe5;\xae\x010\xb1\xba\xd0K\x11\xa7\xcd\x8f\
\xe99)\xd9\x15@\xc7\x8f\x80\x96W\x00\xf6o\x00L\
\xb0.d~\x14\xf0\xd9}~\x8c|\x05\xd0\xf4x\xf9\
w\xd7<j\x06\xe0\x84\x06\xc0\xd3\xad\x0b\x8d\xb6\xf5G\
\xa3\xb7I\x1b\x80\x0e\xc5\xcd\xbf\xbb\xa0\xf9\xaf\xf9\xe6\x09\
\x80E\xee\xb4\x88b\xc9\x1c9;\xcf\x8f\x91\xae\x002\
\x1e\x09\x9c\xe2g\xa8\xfeK\x9e\xa9\x01\xb0\xa8 =\x00\
\xc8\xeaBY7\xd8\xb7\x01$\xc6\x0a\xa0S\xfd\x0a\xd5\
Ou\xed\x03\x98\x9b\xffzM\xba\xe4_\xf6\xbd\x90}\
\xe7\xc7\x5c+[\x01\x14=\x1a\xbb\x01\xe4\x7f\xa7\x80=\
y\x8el\x00LH\xc0\xe1H\xc8\x19\xf3c&\xca\x1a\
@\x1a\xe2\xac\x00\xea\xf2\x22\xa0\xf9`y\xfe\xc9\x15\xf0\
o\x14\x94\xa4Q\xfe\xa5u\xa1\xc9v\x9c\x1f\xf3\xe3>\
Fr+\x80\x04\x01\x9b\xde}\xbc\xbc\xbc\xac\xac\xbc\xec\
\x97\x8f\x95\xa4U\xfe\xe5u\xa1\xcb\xec\x97\xff\xa4W\x00\
\x99\x04\x14\xbd\xf6\xfa\xf3[\xb7\x1e\xdc\xfehE\x81;\
\xcdB\xb6_\xc8v\xf3c\xa4+\x80\xc2qV\x00Y\
\xcf\x01;\x0a\x9a\x9bKv\x94\xb8\xd3/$\xdf\x0b\xd9\
m~\xcc\xc0\xdb\xe5+\x80\xfc\xc9\xfc\x0e\x05\x1d\xe1N\
\xcb\xb0\xd6\x85l6?f\xea\x8dI6\x80\x10\xa7\xac\
\x0b\xd9i~\x8ct\x02\xcc\xbc?.i'\xb3\x89\xd7\
\x85\xcc\xdf\x0b\x19Sl3?\xa6\xff\xf8$W\x00\x11\
\x89\xd4\x85l3?f\xc0\xd9\xbe\xe4V\x00\xa5\xf3\xdd\
>\x99\xba\xd0`{\xcc\x8f\x91\xae\x00\x8a\xdb\x00R]\
\xbd\xb1\xb9ycQ\x0dY\xef\x1a\xd6\xef\x85\xaal1\
?&\xc6\x0a\xa0\x87cO\x80\xa8\xf9\xea\x8d\xdfn\xdb\
\xb6\xf3\xe3\xd7\x8a\xb8\x0a\xc4\xaf\x0b\xd9a~L\xd2+\
\x80j\x96\xee\xf9E^Y~~Y\xde\xcf\xb7o,\
!\xed]\x0f\x82\xfb\x9b\xa2\xb6\x9b\x1f3J\xda\x00\x12\
{\x05P\xcd\xefv\xe6\x9d|\xeb_\xb6\x07\x01\xa2\x00\
\xcb~!\xe3:\xcd?\x1a\xbd:\xc9\x06\x90\x92M\x07\
\xbb\xd6\xfd\xb6\x17\x91\xf5S\xd4\x85\xf4\x9e\x1fs\xb1\xac\
\x01\xe4@\x9c\x15@\x15\x8f\x95\x0b\x9d\xdf_s\x12<\
E]H\xeb\xf91\xb1V\x00\xc5~\xfc[*\x8e\x80\
.\xffx\x07Y7\xd5\x85\xc2\xf6\x99\x1f3\x5c\xda\x00\
\xb2\xd8\x1b\xbb\x01\xa4\xe8\xa9\x15s\xc5\xe1\x0f<\x08\x98\
\x1e\x05,u!c\xe4@M\xf3?F\xd6\x00R:\
\xad=N\x03\xd0\x8e\x0dy\xe2\xd7_[\x97r\x0c4\
\x1d\x04?\xdb}\x9f=\xe6\xc7\x5cz\x81\x91\xdc\x0a\xa0\
\xe3G\x80\xed\x22\x80|\x00$R\x17\xd2r~L\xff\
\xf3\x93\x5c\x01\xd4\x09\xc0|\x05\xd8\xe9\xe6\x1e\x90@]\
H\xc3G\x81\x9e\xa3\x93\x9c\x00#?\x03\xbc\xcb!0\
\x91\xba\x90\x86\x8f\x02\xdf\x1d\x9c\xdc\x0a\xa0\x13O\x01\xcd\
\xc2S@\xfe\xe3\xbf\xe210\x91\xbaPU\xa6n\xf3\
c\x06J:\x00\xc3qV\x00\xfd\xf7\x12\xb0\xa1\xeb$\
\xe0\xf2w\xabIwBu!\xe3F\xbd\xdaC\x86H\
*\x80\x095\x80\x14\xb8?(?)`n\xde\xc1f\
\x8e\x80\xb1\xeaB\xa5\xe6O\x06\xb5\x02pCvR+\
\x80\xba\xbe\x0bn\xfe \xbf\xf3\x220\xb7\xac\xec7K\
\xb9\x01\xc4:\x08\xae\x7f\xc0\xf4(\x90\xad\xd3\xc2\xf1~\
\xd6\x19P\xf1V\x00\x89\x02\x0a6l]\x91_\x96\xbf\
b\xeb\x86\x8d\xe4?\xb6\x80\xc3\xa69r\xc6\x95\x1a\x15\
\x06\xfbZ\xf3\xff\xf6Bo\x82\xff\xb4\x82\xa2M_m\
\xd8\xbe\xe1\xab\xe6\x0a\x9e\x00\x93\xa9\x0b\x197k|\x01\
\x88\xb7\x02HB\xa0\xbabGE5\xe9?E]\xe8\
\xe9\xb0i|\x8c6\xaf\x84\xaf\xb56\x00\xbc\x15 e\
\xdd\xfe(\xb06G\xd3\xef\xc5&\x1b\xe6\x15\x00\x87\xc9\
\xbf\x82c\xc0\xb1\xa6\x90x\x09\xd0d\x94\xe8\xa5\x99\x86\
\xf9\x05p{\x90|)\x10\xb0,\xac\xe5\x18\xc1\x11\xa6\
\xfc7\xacm\xe3\x0b\x10\x15\xb1\xb1\xed\xc1Rqn\x80\
\x1e_\x8d\x9f-\x02\x88\xb8\xa6s\x03Pt\x09xD\
\xec\x0d\xe8\xa5EoH\x7f\xd3w\xc0\xe1\xbd~n\x00\
\x8a\x9e\x04\xeeY\xfb\x92~U\xc1+\xc4>\xb0H\xdd\
g^R\xa5(Z\xa6\x85\xc5.q\x1d\xa6I\x0f\x17\
/\x009\xbb\x82\x5c\x00TE\xf1\x87\x07r\xb5{\x15\
p\xb5\x08\xa0\xe1UN\x00*\xef\x01\xc21p\xb0\x0e\
\xdf\x8aM\x10\x00\x84f\xaf\xe2\x11@]\xcc\xd9+\xdc\
\x03|:|.*\x0e\x03\xcfy\xa8\xdeO\x9e\xd4\x1d\
\x02^\x08kw\x0a\x1c'\x00(|\xb1\x854)\x04\
\xf0\xa9\x08\xe0*\xed\xae\x00\xe1O\x01\xa0\x12\xc0\xbaB\
\xb1?X\x03\x00b7hx%\x00\xd4E\xb0^\x1c\
 g\x8c\xd3\x00\x80\xf8=px/o\x01\xd4E\xfb\
\x91\xdd!\xed\xae\x00}\x85\x810\xa5k\xef\xe1\x10\xa8\
\xee\x0e`.\x07\xe9P\x11\x1e#\xf4\x03\xe6\xba\xd6\xf3\
\x1e@U\x04\x16\xce\x16;\x03\x8d;t\xe8\x08\xef#\
\xbe\x09\x5cN)@\xd5{\xc0%/\x9b?\x14\xd5a\
\xab\xd8\x10\xd37a\xd1\xc3\x1c\x03\x95\x1c\x00\x03\xab,\
#\x84\xb3\xb4X*fZ\x0bu|#\x10\xd7\x80n\
\x7f\x09\x1c\xa8?\xd4j\x19\x17\xf2C-:\x83o\xcd\
6\x8f\x84\xf9\x83\xdb[I\xce\xba'*+\x83\xfe\xf6\
\x969m\x87^\x89\xde\xe7\xb2\xec\x11\xd0\xa2!\xa4\xb7\
y3|\xa8t\xf9g\xc1\x00G\x01w\xb0=pW\
\xc0\x9bJ\x14\xb7\xfb\xdd\xfb\xda\xfe\xf4\xea\x0b\xad\xd1\x9c\
\x5c\xcb\xc77\x86&C\xe4'X?\x0b\xa8[~\xe8\
\x9d\x05\x81\x16o\xbb\xdf\xef\x0fvC\xd8\xf0\x82\x12\xf4\
\x16\xaf\xfe\xf0\xd0\xe2e\xf7\xa6\x14+\xd7-\x7f\xf9\xfe\
\xa6\xd2\xc2h\xaed\xfc\xd60M&\x88\x9f\x95e\x9d\
\x0c\x93S:{\xd7\xb2W\xdfZ\xb8jI\xdb=)\
\xc7\x93\x9b\xdd\x01\xaf\xcd^/x\x17\xbc\xb5\xf2\xed\xba\
ha\xaa\x11\xce)\x0dE\x5c\xd20.\xd4d\xbbx\
\xcf)\x92\xd9\x00\xae\xd0\x8c\xc2\x06_\xd3\xee\xdd\xb3S\
\x8e\xbf\xb5n\xd9;m\x7f\x9b\xd7Fuf\xff\x9cc\
\xbb\x5c\x85\xd1H\xaeKa\x18=t\xf90`h\xa6\
!\xff\x13#\x91PwD\xb44\xa70\xd2\xba\xec\x88\
m\xae\x02\xfe}\xcb\xear\x22.\xc5q\x81>{\x85\
{\x18\xaa\xff\xb1\xae\xdch\xe1\xec\xa3\xfb\xecq\x11\xf0\
o~:\x1cR\xfe\x8bh\xf1\x1a\xf0D\x0c\x1a\xab^\
@\xc7\xf3ex\xd7;v\x10\x10\xac\x7f\xbaP\xfd\xaf\
a\x9c\xaf\xd3Z\xe9\xfe\x17\xfa\xce\x80\x00W\xe1\x16;\
l\x9d\xf0N\xcb9\x03\xf9\xcf<+C\xa7\x98z\xa1\
qF\x04<\xf4\xa4\xf6\xe7\x80\xe2\x87\x9b\xd4_\xff]\
\xbdt\x9b\x13u\xd1\xe43\x22 \xfc\xa9\xee\x97\x80J\
\xbfe\xd5\x87\x82\x18|u\x86n\xd1\xefG\xd9g\x80\
@\xa8\xee\x98W\xf7\x0b@\x9d\xf2\xf3\xbf\xeb\x1c\xfd\xf2\
\x7f\xfc\x13\x91\x91g@@x\xaf\xe6\xf7\x80\xc0\xbda\
\xf5\xf7\x7fMG\x86O\x9d0L9\x81P\xd3B\xad\
\xb7\x0f\x067oiP\x9d\xff\x1bo\xca\xd05\xae\x18\
;\xccPl`\xde\x17Z\xf7\x1b\xf8\x8f<\x90\xab6\
\xfdY\x97i\xbd7f\xe8\xa4\xdb\x07+50o\x97\
[\xe7\xd2P\xf1~\xb5\xaf\x7f\xb3\xc7\xdf\x94\xa1y\x0c\
\xb8a\xf45Y\x86\xcf\xa8R\xf4:\xa8\xb5M\xe7S\
@\xe0pT]\xf6\x8da\x93'\xf6\xcc\xb0A\xf4\x1b\
:b\xc2\xf8\x91\x97ge\xbb\xaa\x8c\xd4\xc3T_h\
:\xa2\xf3!\xa0\xe5\xe8\x0cU\xd9\xefu\xcd\xa4s3\
\xec\x13=\xfb]t\xee\xc4\xe1}/\xee\x91r\x5c#\
\x16\x05\x8cc:\xbf\x0a\xb8\xab\x9b_\x03v\xfe\x0f\xf2\
U\xf5\xba\xe4\x077\xdfr^Fz\x86Xm\xceu\
\xed\xb7\x15\x80\xac\xccT\xa2\xcf%#\xaf\x1f?vT\
\xdf+zg\xa4o\x98\x86\x10\xe5N\xf7\xda\x08\x80o\
T\xef\x94b@\xbfA=3\xd2<\xec\x0d\xe0\xce\x0c\
\x22\xad\x01|\x87\x04\x02\x80\x00\x00\x01\x00\x02\x00\x04\x00\
\x08\x00\x10\x00 \x00@\x00\x80\x00\x00\x01\x00\x02\x00\x04\
\x00\x08\x00\x10\x00 \x00@\x00\x80\x00\x00\x01\x00\x02\x00\
\x04\x00\x08\x00\x00\x00\x00\x00\x00\x00\x00\x00\x00\x00\x00\x00\
\x00\x00\x00\x00\x00\x00\x00\x00\x00\x00\x00\x00\x00\x00\x00\x00\
\x00\x00\x00\x00\x00\x00\x00\x00\x00\x00\x00\x00\x00\x00\x00\x00\
\x00\x00\x00\x00\x00\x00\x00\x00\x00\x00\x00\x00\x00\x00\x00\x00\
\x00\x00\x00\x00\x00\x00\x00\x00\x00\x00\x00\x00\x00\x00\x00\x00\
\x00\x00\x00\x00\x00\x00\x00\x00\x00\x00\x00\x00\x00\x00\x00\x00\
\x00\x00\x00\x00\x00\x00\x00\x00\x00\x00\x00\x00\x00\x00\x00\x00\
\x00\x00\x00\x00\x00\x00\x00\x00\x00\x00\x00\x00\x00\x00\x00\x00\
\x00\x00\x00\x00\x00\x00\x00\x00\x00\x00\x00\x00\x00\x00\x00\x00\
\x00\x00\x00\x00\x00\x00\x00\x00\x00\x00\x00\x00\x00\x00\x00\x00\
\x00\x00\x00\x00\x00\x00\x00\x00\x00\x00\x00\x00\x00\x00\x00\x00\
\x00\x00\x00\x12\x08\x00\x02\x00\x04\x00\x08\x00\x10\x00 \x00\
@\x00\x80\x00\x00\x01\x00\x02\x00\x04\x00\x08\x00\x10\x00 \
\x00@\x00\x80\x00\x00\x01\x00\x02\x00\x04\x00\x08\x00\x10\x00\
 \x00\x00\x00\x00\x00\x00\x00\x00\x00\x00\x00\x00\x00\x00\x00\
\x00\x00\x00\x00\x00\x00\x00\x00\x00\x00\x00\x00\x00\x00\x00\x00\
\x00\x00\x00\x00\x00\x00\x00\x00\x00\x00\x00\x00\x00\x00\x00\x00\
\x00\x00\x00\x00\x00\x00\x00\x00\x00\x00\x00\x00\x00\x00\x00\x00\
\x00\x00\x00\x00\x00\x00\x00\x00\x00\x00\x00\x00\x00\x00\x00\x00\
\x00\x00\x00\x00\x00\x00\x00\x00\x00\x00\x00\x00\x00\x00\x00\x00\
\x00\x00\x00\x00\x00\x00\x00\x00\x00\x00\x00\x00\x00\x00\x00\x00\
\x00\x00\x00\x00\x00\x00\x00\x00\x00\x00\x00\x00\x00\x00\x00\x00\
\x00\x00\x00\x00\x00\x00\x00\x00\x00\x00\x00\x00\x00\x00\x00\x00\
\x00\x00\x00\x00\x00\x00\x00\x00\x00\x00\x00\x00\x00\x00\x00\x00\
\x00\x00\x00\x00\x80Z\x00.\xad\x01\xb4|\x01\x00\xb5\x00\
r]\xfb\xb5\x06\xb0\xb8\x01\x00\xaa\x01\x14k\x0c \x00\
\x00\xd5\x00\x8c\xf5:\x03(>Z\x0a\x00\xd5\x00\xfc\x1a\
\x03h\xff\x04\x00\x8a\x01\xf8\xbe\x0c\xea\x9b\xff\xca\x05\xbf\
\x8e\x02@-\x80\xbag\xea+\xb5\x05\x10\x5c\x0d\x00\xf5\
\x00\xda\xf4\xbd\x07\xf8?\x02\x80z\x00\xdf\xea\x0b`\xc1\
\x9b\x00P\x0f\xe09m\xef\x01\x95\x9b\xd7\x00@=\x80\
\xc66]\x8f\x81\xfeg\xe7\x03@=\x00\xcf\x9b\xba^\
\x01\xea\xd7\x00\xa0\xfbc\x8a\x19\xc0\xa2\xc6\xcdz\x0a\xf0\
\xb7\xd5\xce2\x018p'\x09L5\xc6\x99\x00\xbc\xbf\
h\xe6\xdd\x9a\x1e\x03\xff^;\xeb\x1b\x13\x80;H`\
\xaa1\xd6\xf4\x22\xe8\xfdE\x9eEZ^\x02\xfcm\x1e\
\xcf\x9a\xdf\xcf\x10\x01\xf4 \x81\xa9\xc6\x04\xb1\x1cl\xfc\
k\xbeg\xa6\x96\xa7\x80\x05\xcf\xd5Z\x00\xf8\xfa\x92\xc0\
Tc\x94O\xf8I#\xef\xcd\xf7x\x1a5|\x19\xe4\
\x7f\xb6\xb6\xe3\x0a\xb0N\x04P5\x9c\x04\xa6\x1a\x17\x1f\
\x10~\xd2\xd0'\x1d\x00j\xd7\xec\xd3\xed\x1a\x10|r\
\x91\xa7\x03\xc0\xe7a\xe1\xaf\xcd\x1eC\x02S\x8d\xe1U\
\xc2OZ\xfa\xcd\xac\x8e\x1fZ\xbf\x9b@\xfds3;\
\xfe\xae\xf9\x7f\x9e'\xfc\xb5\xc3\x86\x92\xc0T\xe3\xa6^\
\xc2O:\xef\xf35\x1d?\xb4\xa7\xf6Y\xcdn\x02w\
\xcf\xec\xfc\xb3^\x16n\x01U\xdf\xfb>\x09L5\xa6\
\xf6\x11\x00\xccx\xa5\xb1\xf1\xf8O\xed\xd1\xea\x18\xd0y\
\x00\xe8\x88'Z\x85\xc7@\xe3\xfa!$0\xd5\x18t\
\xa5\xf0\x18\x10}\xf0\x89\xce\x9f\xbav\xd1j\xbfF\xf9\
\xef\xfc\x9b<\x8d_6\xe5\x0a\x00\xc6\x92\xbf\xd4\xe3:\
\x01@\xa4\xe9\x99\xc6\x13\x02\xb4\xb9\x06t\xe4\xff?\x17\
\x80\xf9\xefE\xc4\xd7\x00\xb7\x91\xbe\xd4\xa3\x87\xcf\xfa\x18\
\xd0)\xa0\xf1\xa3\xa0\x0eG\xc1J\xf7\xc9\xfc{f\xbd\
(>\x05f\xdfJ\xfaR\x8f1\xa6S\xe0\xcfN\x00\
\xe8\x10\xf0\xad\xfb\xff_\x18\x0c\xd6\xbfy\x22\xfd\x1e\xcf\
?\xd6\x8a-\x81}.\x22}\xa9G\xef\x0b\x84{@\
\xa8\xf5\x89\xc6\x93?x\xed\xbf\xdb\xb9\x97\x9f&\x828\
\x0e\xe0\x91\x82\x84\x87<\x22Z)\x10H(\x14j\x04\
D\x1e\x22\x0f\xc5h\x8cd\xdcL\xa2\x87nh\x17R\
\xcfMO\xd2d\xc9\xb6)\xa1\x1c\xb8\x02\xf5*\xdc=\
.\x1c8\x90\xc8U\xc2\x05\x129\xb4\xbdx\xa0\xe1T\
\xc2\x81\xf0\x88n4\xd6\xeet\xb9\xed\xeb\xf0\xfd\xfc\x03\
;\xe9\xef7\xbf\xf9\xcd\xccv\xb3_,^\x06\xe6|\
+k\xf9\xf8K\x19\xa6\x05\x18F\xf4\xf4o\x02H\xf0\
\xfc_\x09\xe0\xb8\x80t\x1c\xb52\x05|\xb1\xabx>\
\xfe\x9c\xc0\xde\x04\xe0*H\x17\xed\x94\xd9\x08&\xf2%\
\x80\x13\xc5\xec\xca;\x9fU\xb3?z|\x19\xe0\xfe\x93\
\x7f\xa8\xef\x02\xab\xbc\x08\x9e\x1e\x9a\xd5'\x01\xca> \
Q\xf0\xab\x07\xb8\xecF\xccgz/07\xed\x8b\x1d\
\xef\x8ab\xc1H\xa4\xb4_}o5T\x8f\xe0\xe9b\
\x80)\x01\xa7\x12WH\xe4\xd6\xbemF}\xd3\xa6\xed\
\x09\x94\xe0\xfbb+W\x97\xaa\xf0+\xe3XW\xb7\x80\
\xb4\x17\xa1\xd3G\xbf\xfa: \xb8\xb8\xa3\xce\x00N\x0c\
p\xbb3\x1b\x9b\xdb\xd19\x9f\xf1\xe6b\xdb+\xc7\x07\
k\x5c@\x1d\xfe\xa2C\x00\xe2\xec@\xe8\xf4Q\xfb\x88\
)\x01\xa9\x82. \x9f\x03\x22'\xecf\x0ff\x0cv\
p\x90\xdd\x15\xfe<\x8d%'\xbf\xab\x0b\xc0[DN\
/\xaf\x99\x8fD\xd0\xb4\xc0i\x10\xc5\x80\x19DQ\xeb\
\xe1\x12\xb3\x05\xc0)\x90\x8e\xa6\xdc\xeaE \xb4z\x96\
\xe0\xecE\xca,2-`\x13Z@\xfd\x8c3\x9f\x09\
\xe1Sq{\xc5?\xce.\x00$\xd2\x8f\xb0\xe9\xa7\xc5\
\xa5.\x01$t!\xd8+\x03f\x99\x05\x00\x05@_\
\xb7\x98\x12\x10\x9cO\xdb(\x03\xe2\xd2\xa1\xfa\x08\x88\x10\
\x07^\x06\xd3w#0\xc4d@h\xf1\x5c\xb0O\xfc\
/\x08\xb3\x05\xc4\x9b\x00zc\xee\x04\x95\x0c\xf8j\x9b\
\x0c\x90.\xa8\x9fi\x00\xdcu\x08\x99\xce<\x94\xcd\x80\
\xe5\x13\xc9\x0e\xad`\x22~\xc8\xce\x7fB\xf1\x7f\x00\xdd\
\xdd~\xc6f\x80\x9f\x1e\xfe\x92\xac\x9f\xfer*\x5c\x14\
\xffA\xbc\x0b\xa8\xbf\xd22\xe6g&\xc1\xf0\xd1\x8e`\
\xf5\xf2\x7f\xbd\xc4\xb3\xe3\xa2o\xa6\x10.\x03T\xb3%\
\x80\x10\xfe\xe3V\xce\xca\x22 \xc8\x9f\x97\xc3E\xa3*\
\x1bE\xb0\x0c1Q\x9c\x01\xfeO\xeb\xe7\x9cE)\x10\
\x17r'\xab|\xb0hL\x0f\xd0\x00\x18\xe4\xde`q\
\x06\x9009J\xcb\x82d~\xed\x17\xe4\xadd(T\
< \x8ao\x02\x18w\x1a0\xa9\x91\x01\xefy\xff\xd2\
a&'H\xa6\xed\x09\x12\x92$\xc9\xd7\xa7\x0b\xe1\xe2\
\xea\xaf\xc4\x7f\x02\x0d\xa0qj\x8652@\xa9\x02\xfc\
|\xf2\xf4$s\x96\x93\x04\xe3%\xe4\xb3\xccVj\x95\
\xf0!\xad\xa1P\x0f\x8e\x80\x0d\xdd\x0c\x96kf\x80\xb2\
!\xe0\xc3\xf3\x0b\xc9\xbd\xfd\xd4\xac\xb1R\xfb{K?\
\x95\x8c\xd3\x8c>\x89\x90\x17\x98\xff\xc6\xba\xd3I#D\
[0\x14\xe6\xcd\x10\xf6\xdf0\x00B\x1d\xafK\x10\x22\
\x83\xdd\xed\xad\xa2\xc4\x9eh%\xbe\x07a\x86\x11\x97=\
3\xe0C#^\x037G]\xf9\x8d\xcb\x80\x85\xd3\xdf\
\xe1\xa9AhLR\xdf\xea\xb6[\x11\xa0}#\x88\x8b\
\x99E\xa0\xc7V\x9d\x00\xad\x1c\xc7\xf47\xd9\xcb\xc9\x0a\
\xbb\xa4\x00\xed\xee\xc1_\x00\xccW\xf2\xaa\xdcI\xad\xcf\
\x01J+;\x1b\x10\x0dkx=c\xd4\xd2\x1cP\x1e\
\xde7\x8e\xd9o\xa1\x96\xf6\x01\x97\x92\x03\x11K\x82O\
I[\xe7\xf3Z\x04\xc1bS#\x9e\xc6\x87\x11JM\
\xcb\x83\xbf\xcf\x22\xae\xa6\xf1.t~6i\x07\xea\xba\
Z\x9f\x0e\x0f\x8d\xb9\xbb\x9d\x8e\x0aC9\x1c\xce2w\
\xdb\xd0\x93\x89\xeaQ\xbc\xf5c\xbb\xd3\x81\xc7\xcd\xf7\x1b\
\xbc\xa5\xc6\xf26t4\xd7\xe0\xc0\x1f\x00\x00\x00\x00\x00\
\x00\x00\x00\x00\x00\x00\x00\x00\x00\x00\x00\x00\x00\x00\x00\x00\
\x00\x00\x00\xac\xf5\x1b\x0e\x89\xcb\xb3\xfb\xb2\xb1\xf0\x00\x00\
\x00\x00IEND\xaeB`\x82\
"

qt_resource_name = b"\
\x00\x12\
\x05\x09O\xe7\
\x00a\
\x00r\x00r\x00o\x00w\x00-\x00d\x00o\x00w\x00n\x00-\x005\x001\x002\x00.\x00p\x00n\
\x00g\
\x00\x13\
\x0b\xdb\x13'\
\x00a\
\x00r\x00r\x00o\x00w\x00-\x00r\x00i\x00g\x00h\x00t\x00-\x005\x001\x002\x00.\x00p\
\x00n\x00g\
\x00\x12\
\x0a4\xa3\x87\
\x00a\
\x00r\x00r\x00o\x00w\x00-\x00l\x00e\x00f\x00t\x00-\x005\x001\x002\x00.\x00p\x00n\
\x00g\
\x00\x10\
\x05\x16\xf7\x07\
\x00a\
\x00r\x00r\x00o\x00w\x00-\x00u\x00p\x00-\x005\x001\x002\x00.\x00p\x00n\x00g\
"

qt_resource_struct = b"\
\x00\x00\x00\x00\x00\x02\x00\x00\x00\x04\x00\x00\x00\x01\
\x00\x00\x00\x00\x00\x00\x00\x00\
\x00\x00\x00\x00\x00\x00\x00\x00\x00\x01\x00\x00\x00\x00\
\x00\x00\x01\x9f\xd7\xda\x0au\
\x00\x00\x00\x80\x00\x00\x00\x00\x00\x01\x00\x00_\xc2\
\x00\x00\x01\x9f\xd7\xdaEa\
\x00\x00\x00V\x00\x00\x00\x00\x00\x01\x00\x00>\x9f\
\x00\x00\x01\x9f\xd7\xd9\xab\xcd\
\x00\x00\x00*\x00\x00\x00\x00\x00\x01\x00\x00\x1e\xa0\
\x00\x00\x01\x9f\xd7\xd9%@\
"

def qInitResources():
    QtCore.qRegisterResourceData(0x03, qt_resource_struct, qt_resource_name, qt_resource_data)

def qCleanupResources():
    QtCore.qUnregisterResourceData(0x03, qt_resource_struct, qt_resource_name, qt_resource_data)

qInitResources()
